max_throttle,min_throttle,throttle_ramp_rate,safety_margin,rollout_distance,pursuit_lookahead,pursuit_blend,progress_weight,clearance_weight,smoothness_weight,steering_penalty_weight,gap_alignment_weight,turn_commitment_weight,max_steering_delta,temporal_blend,disparity_threshold,max_jump_distance,history_penalty_radius,history_penalty_weight,gap_threshold_scale,max_gap_threshold,turn_prediction_gain,forward_critical_distance,forward_warning_distance,forward_caution_distance,laps_completed,runtime,avg_lap_time,lap_consistency,collisions,collisions_per_lap,success,endurance_score
0.25,0.03,0.02,0.12,3.5,1.8,0.3,3,1,-0.5,-0.9,1.5,2,0.06,0.1,0.4,0.8,2,6,0.45,2.5,0.1,0.4,0.6,2,0,75.9257020950317,999,999,50,50,0,-8492.5
0.2,0.03,0.02,0.1,3.5,1.5,0.7,6,4,-0.5,-0.5,2,2,0.06,0.2,0.25,1.5,1.5,2,0.35,2.5,0.25,0.7,0.6,1,2,61.7874217033386,30.8937108516693,999,50,25,0,-6042.23427712917
0.3,0.05,0.015,0.16,1.5,1.2,0.8,5,2,-2,-0.7,1,7,0.12,0.2,0.25,1.2,1.2,4,0.35,3,0.5,0.4,0.6,1,7,72.7631952762604,10.3947421823229,0.556323013838382,50,7.14285714285714,0,-923.768470524999
0.15,0.07,0.015,0.2,3,2.4,0.8,2,4,-2.5,-0.9,2,1,0.1,0.15,1,2,1,2,0.25,2,0.5,0.4,0.8,1.5,7,119.98015332222,17.1400219031743,0.985692182665004,50,7.14285714285714,0,-942.778515671261
0.35,0.03,0.03,0.12,2,1.5,0.7,2,5,-1,-0.5,1,7,0.1,0.15,0.25,1.2,0.8,6,0.45,3,0.35,0.7,0.8,1.5,12,103.719841957092,8.64332016309102,0.808421086583339,50,4.16666666666667,0,-845.650405840644
0.45,0.07,0.015,0.2,3,1.5,0.2,1,5,-0.5,-0.9,2.5,4,0.06,0.2,1,1.5,1.5,2,0.35,2.5,0.1,0.4,0.6,1,10,87.9862475395203,8.79862475395203,0.806322832993685,50,5,0,-876.028176049848
0.35,0.07,0.02,0.08,2.5,1.2,0.8,3,4,-2,-0.9,1.5,5,0.06,0.2,0.5,0.8,0.8,2,0.25,2.5,0.35,0.3,1,1,8,79.1304814815521,9.89131018519402,0.408478102514747,50,6.25,0,-906.770665975559
0.2,0.07,0.02,0.22,3.5,1.2,0.4,2,5,-2,-0.9,2,3,0.08,0.3,0.25,2,1.2,6,0.45,1.5,0.1,0.4,0.8,1.2,0,36.738436460495,999,999,50,50,0,-8492.5
0.45,0.05,0.03,0.2,3.5,2.1,0.5,6,5,-1.5,-0.9,1,1,0.04,0.1,1,1.2,1,1,0.25,2.5,0.35,0.4,0.8,2,0,30.1197130680084,999,999,50,50,0,-8492.5
0.35,0.07,0.01,0.12,2.5,2.4,0.3,5,4,-1.5,-0.1,2,1,0.08,0.05,1,2,1,8,0.6,2.5,0.25,0.4,0.8,1.5,15,108.243788480759,7.21625256538391,0.227384238655218,42,2.8,1,-634.177552606736
0.4,0.03,0.005,0.18,1.5,1.2,0.2,5,1,-1.5,-0.3,2,2,0.1,0.2,0.25,0.8,1.2,2,0.25,3,0.2,0.3,1,1.5,13,133.642307043076,10.280177464852,0.692527605111252,51,3.92307692307692,0,-854.163081687686
0.2,0.07,0.01,0.2,1.5,2.1,0.8,4,4,-2,-0.1,1.5,3,0.06,0.3,0.4,2,1.2,2,0.25,1.5,0.35,0.4,1.3,1.5,13,135.028562545776,10.3868125035213,0.0961672998017911,12,0.923076923076923,0,-71.4478677578121
0.25,0.07,0.005,0.16,2,1.5,0.5,4,2,-1.5,-0.1,2,5,0.08,0.2,0.25,1.2,1.2,1,0.6,2,0.2,0.4,1,1.2,15,133.228148937225,8.88187659581502,0.334433170093915,24,1.6,1,-278.876857340007
0.3,0.05,0.015,0.16,1.5,1.8,0.4,1,4,-0.5,-0.3,2,7,0.1,0.1,1,1.5,1,6,0.35,2,0.1,0.3,0.8,1.5,11,109.690675735474,9.97187961231579,1.03085631277254,50,4.54545454545455,0,-865.083980594652
0.3,0.03,0.01,0.2,2.5,2.1,0.3,2,2,-0.5,-0.3,1.5,1,0.1,0.15,0.25,1.2,0.8,6,0.45,3,0.25,0.4,0.6,1,15,114.076502799988,7.60510018666585,0.482538151282431,45,3,1,-696.425441223077
0.15,0.07,0.015,0.08,3.5,2.4,0.8,1,3,-0.5,-0.1,0.5,4,0.1,0.2,0.25,1.2,1.2,8,0.35,3,0.1,0.5,1.3,1.5,7,135.053381919861,19.2933402742658,0.689652182781,42,6,0,-786.68161159957
0.2,0.03,0.015,0.14,3.5,2.1,0.8,3,5,-1.5,-0.5,2,1,0.12,0.1,0.7,1.5,2,4,0.45,3,0.2,0.3,0.6,1.2,3,82.4505262374878,27.4835087458293,0.0447078943252564,50,16.6666666666667,0,-1023.9323113362
0.35,0.07,0.015,0.1,2,1.2,0.6,4,1,-1.5,-0.1,2,5,0.12,0.05,0.7,1.5,1.5,4,0.35,1.5,0.5,0.3,0.6,2,7,71.8697030544281,10.2671004363469,0.524955658483288,50,7.14285714285714,0,-923.292529383284
0.35,0.07,0.02,0.16,3.5,1.2,0.2,1,1,-2,-0.9,1,4,0.12,0.1,0.7,0.8,1.2,4,0.45,2.5,0.2,0.3,1.3,2,0,32.0357377529144,999,999,50,50,0,-8492.5
0.45,0.07,0.02,0.08,3,2.4,0.4,2,2,-1,-0.7,2.5,4,0.12,0.2,1,1.5,1,2,0.25,3,0.5,0.3,1.3,1,12,99.6596512794495,8.30497093995412,0.381173705432491,50,4.16666666666667,0,-842.668295877048
0.15,0.03,0.005,0.18,2,1.2,0.5,5,3,-0.5,-0.9,1,7,0.04,0.05,0.5,2,1,1,0.45,2,0.5,0.4,1.3,2,9,135.066408872604,15.0073787636227,0.233495827749325,0,0,0,96.3140739521966
0.35,0.03,0.02,0.22,3,1.5,0.3,4,5,-1.5,-0.3,2,7,0.04,0.3,0.4,0.8,1.5,4,0.35,2,0.2,0.3,1.3,1.2,0,50.2612297534943,999,999,50,50,0,-8492.5
0.35,0.07,0.02,0.08,2.5,2.1,0.8,4,2,-1.5,-0.3,1,4,0.06,0.05,1,1.2,1,2,0.35,1.5,0.1,0.3,1,1.5,14,109.611318349838,7.8293798821313,0.579209382763978,50,3.57142857142857,0,-812.469496619148
0.2,0.07,0.01,0.14,2.5,2.1,0.4,3,4,-1.5,-0.7,1.5,5,0.04,0.15,0.25,1.2,1.2,8,0.45,2,0.5,0.4,1.3,1.5,13,135.029873609543,10.3869133545802,0.305707862670379,1,0.0769230769230769,0,147.504177300198
0.15,0.05,0.015,0.18,1.5,1.8,0.3,4,3,-2.5,-0.3,1,6,0.08,0.2,0.5,2,0.8,6,0.35,2.5,0.2,0.7,0.8,1.2,12,135.036669969559,11.2530558307966,0.800029834192536,5,0.416666666666667,0,47.8672112520459
0.35,0.03,0.01,0.08,1.5,1.5,0.2,3,2,-1.5,-0.3,2,4,0.1,0.3,0.5,0.8,1.5,8,0.6,2,0.5,0.7,0.8,2,13,120.324992895126,9.25576868424049,0.399566729266307,50,3.84615384615385,0,-830.137255356933
0.35,0.03,0.02,0.14,3,2.1,0.5,4,2,-2.5,-0.7,0.5,1,0.06,0.3,0.4,1.5,0.8,1,0.6,1.5,0.5,0.5,1.3,1.2,9,89.8404743671417,9.98227492968241,0.726452471310269,50,5.55555555555556,0,-893.587949680757
0.4,0.07,0.02,0.18,3.5,1.8,0.2,2,3,-0.5,-0.7,1,3,0.06,0.3,0.25,0.8,0.8,4,0.35,3,0.25,0.4,0.6,1.5,0,27.6039781570435,999,999,50,50,0,-8492.5
0.45,0.07,0.03,0.12,1.5,2.4,0.5,3,4,-1.5,-0.3,1.5,4,0.08,0.3,0.25,1.2,1.5,8,0.25,2.5,0.25,0.7,0.8,1.2,6,64.9743342399597,10.82905570666,0.332799587487022,50,8.33333333333333,0,-938.736637204085
0.35,0.05,0.005,0.08,3,2.4,0.6,2,3,-1.5,-0.5,1,7,0.08,0.05,0.25,1.2,0.8,6,0.25,1.5,0.1,0.4,0.6,1.2,14,135.060801506042,9.64720010757446,0.295779880206269,45,3.21428571428571,0,-715.596899669967
0.25,0.05,0.01,0.14,3,1.2,0.2,3,4,-1,-0.9,2,4,0.08,0.1,0.25,1.5,0.8,4,0.25,2.5,0.2,0.4,1,1.2,6,91.2156543731689,15.2026090621948,3.27080542078732,50,8.33333333333333,0,-964.360549759424
0.3,0.07,0.015,0.22,2.5,2.4,0.8,1,5,-2,-0.3,2,4,0.1,0.2,1,1.5,2,1,0.35,3,0.25,0.7,1.3,2,15,126.718901157379,8.44792674382528,0.264690472375648,45,3,1,-697.443269221442
0.45,0.03,0.005,0.16,3.5,1.8,0.3,5,5,-2,-0.1,1,2,0.04,0.05,0.4,1.2,0.8,2,0.35,3,0.25,0.7,0.8,2,0,56.7460513114929,999,999,50,50,0,-8492.5
0.3,0.05,0.02,0.22,3,2.4,0.8,1,5,-1.5,-0.5,1,4,0.04,0.05,0.7,1.2,1.5,4,0.45,1.5,0.1,0.7,0.8,2,6,79.0617718696594,13.1769619782766,1.31904575358149,50,8.33333333333333,0,-949.537633713599
0.45,0.05,0.015,0.14,3.5,1.2,0.3,3,5,-2.5,-0.9,2,7,0.1,0.2,0.5,2,2,6,0.6,2.5,0.2,0.4,1.3,2,0,40.0419371128082,999,999,50,50,0,-8492.5
0.45,0.07,0.03,0.08,2.5,1.2,0.2,4,5,-0.5,-0.1,2.5,6,0.08,0.15,0.7,1.5,0.8,1,0.35,1.5,0.25,0.3,1.3,1,12,94.069721698761,7.83914347489675,0.559708650214665,50,4.16666666666667,0,-842.396401938315
0.2,0.03,0.01,0.08,1.5,1.8,0.8,1,1,-0.5,-0.7,1,2,0.06,0.15,0.5,1.5,2,8,0.45,3,0.35,0.3,1.3,1,4,75.6927366256714,18.9231841564178,0.0954796808663252,50,12.5,0,-987.785358795376
0.2,0.05,0.015,0.14,3.5,1.5,0.7,5,5,-2.5,-0.1,0.5,4,0.04,0.2,0.4,1.5,1,2,0.35,2.5,0.5,0.4,0.6,1.5,0,38.5207047462463,999,999,50,50,0,-8492.5
0.45,0.03,0.02,0.12,3.5,2.4,0.6,1,1,-2,-0.9,2,3,0.1,0.15,0.4,2,1.2,1,0.35,1.5,0.5,0.5,0.8,1.5,4,52.7436714172363,13.1859178543091,3.5054393974149,50,12.5,0,-990.491991622847
0.3,0.05,0.005,0.14,2.5,1.5,0.8,1,1,-1.5,-0.1,0.5,4,0.04,0.3,0.25,0.8,1,1,0.45,1.5,0.2,0.4,0.6,1.2,14,135.029309988022,9.64495071343013,0.453547821530004,46,3.28571428571429,0,-736.380115891225
0.2,0.03,0.01,0.08,3.5,1.8,0.4,1,1,-1.5,-0.7,1,3,0.12,0.05,0.4,0.8,1,6,0.25,2,0.1,0.4,0.8,2,7,135.010581970215,19.287225995745,3.00790839772945,46,6.57142857142857,0,-878.25760697801
0.3,0.05,0.015,0.1,1.5,2.1,0.7,3,3,-2,-0.3,2.5,5,0.08,0.05,0.4,1.2,1,4,0.45,2.5,0.1,0.5,1,1.5,12,109.497946977615,9.12482891480128,0.557048519057552,50,4.16666666666667,0,-845.597314882291
0.45,0.03,0.01,0.2,3.5,2.1,0.2,4,4,-1,-0.1,0.5,2,0.08,0.2,0.7,1.5,1.5,1,0.45,3,0.25,0.3,1.3,1.2,0,52.7814683914185,999,999,50,50,0,-8492.5
0.45,0.05,0.02,0.1,3.5,1.5,0.3,1,2,-2.5,-0.9,2.5,1,0.06,0.1,0.5,2,1.2,8,0.45,3,0.25,0.3,0.8,2,2,46.6682207584381,23.3341103792191,999,50,25,0,-6023.33527594805
0.15,0.07,0.03,0.22,2.5,2.4,0.2,3,3,-2,-0.3,1,7,0.1,0.1,0.7,1.5,1,2,0.25,3,0.5,0.7,0.8,2,11,135.016934394836,12.2742667631669,0.472898997154701,12,1.09090909090909,0,-108.050161893691
0.3,0.03,0.02,0.22,3,2.1,0.2,6,1,-1,-0.3,2,7,0.1,0.05,0.25,1.5,1.5,8,0.25,2.5,0.2,0.5,0.6,1.2,0,46.7833688259125,999,999,50,50,0,-8492.5
0.25,0.03,0.03,0.1,3.5,1.2,0.4,6,1,-1,-0.1,1,7,0.04,0.3,0.7,1.5,1.2,1,0.35,2,0.35,0.5,0.8,2,10,135.043540477753,13.5043540477753,1.57245533468139,37,3.7,0,-631.623161792845
0.25,0.07,0.01,0.16,3,2.1,0.5,6,3,-1.5,-0.9,1,3,0.12,0.1,0.5,0.8,2,2,0.25,3,0.2,0.7,0.6,1,8,89.0078690052033,11.1259836256504,1.77003455158556,50,6.25,0,-916.665131822054
0.4,0.07,0.015,0.14,3.5,1.5,0.8,2,4,-0.5,-0.5,1.5,3,0.06,0.1,0.7,0.8,1.5,8,0.6,2.5,0.35,0.3,1.3,1.2,9,90.0970702171326,10.0107855796814,0.7956669193537,50,5.55555555555556,0,-894.005298545972
0.4,0.07,0.005,0.18,2,1.8,0.5,3,1,-2,-0.9,1,6,0.08,0.15,1,1.2,0.8,2,0.6,2.5,0.1,0.5,1,1.2,15,126.922862052917,8.46152413686117,0.419448123084206,47,3.13333333333333,1,-738.251050957574
0.35,0.07,0.015,0.2,3,2.4,0.3,1,1,-2,-0.9,2.5,7,0.1,0.15,0.5,0.8,1,8,0.35,3,0.35,0.4,0.8,1.5,6,68.2597365379334,11.3766227563222,2.50436526612619,50,8.33333333333333,0,-950.963383221437
0.3,0.05,0.03,0.2,3,2.4,0.8,1,1,-2,-0.1,0.5,7,0.06,0.2,0.25,0.8,0.8,8,0.45,2,0.2,0.5,1,2,5,70.1630146503449,14.032602930069,1.94112471890949,50,10,0,-969.78713091972
0.15,0.07,0.02,0.12,3,1.8,0.8,4,1,-2,-0.7,2.5,6,0.1,0.2,0.7,1.2,1,6,0.6,1.5,0.25,0.5,0.8,1.5,11,135.019897222519,12.2745361111381,0.735943294874423,23,2.09090909090909,0,-329.366056752217
0.4,0.03,0.03,0.1,2.5,1.2,0.3,4,3,-2.5,-0.5,1,7,0.1,0.15,0.4,1.2,1.2,6,0.6,3,0.2,0.4,1.3,1.2,10,93.0788450241089,9.30788450241089,0.743702568147728,50,5,0,-876.988224096766
0.35,0.03,0.02,0.22,2.5,2.4,0.3,2,5,-1,-0.5,1.5,5,0.04,0.1,0.5,2,1.2,6,0.6,2,0.25,0.4,1,1.5,14,115.041793823242,8.21727098737444,0.640144149512916,50,3.57142857142857,0,-813.743898216001
0.45,0.05,0.02,0.18,2.5,2.1,0.5,6,1,-1,-0.7,2,1,0.08,0.2,0.25,1.5,1.2,6,0.25,3,0.1,0.3,1.3,1.2,9,79.8275077342987,8.86972308158875,0.168839586161828,50,5.55555555555556,0,-888.018505634781
0.15,0.07,0.01,0.18,2.5,2.4,0.6,5,2,-2.5,-0.7,1.5,1,0.06,0.2,0.4,2,1,6,0.45,1.5,0.5,0.3,1.3,2,8,135.002134799957,16.8752668499947,0.225270255180958,18,2.25,0,-283.314518400891
0.4,0.03,0.03,0.16,3,1.2,0.8,5,3,-2,-0.3,2,6,0.06,0.15,0.5,1.2,0.8,8,0.6,3,0.2,0.5,0.6,1.5,7,73.9618890285492,10.5659841469356,1.39373416032324,50,7.14285714285714,0,-928.383631168955
0.45,0.03,0.02,0.22,3,1.5,0.3,4,3,-1.5,-0.7,1.5,6,0.06,0.05,0.7,1.5,2,8,0.35,2.5,0.1,0.3,0.6,2,2,52.5572130680084,26.2786065340042,999,51,25.5,0,-6050.69651633501
0.35,0.07,0.015,0.14,3,2.4,0.5,5,3,-1,-0.3,2,6,0.12,0.05,0.25,0.8,1.5,4,0.25,1.5,0.2,0.4,1,1,4,55.8803050518036,13.9700762629509,0.241093480861972,50,12.5,0,-976.130658061687
0.4,0.07,0.005,0.08,2,1.5,0.3,5,3,-0.5,-0.7,2.5,6,0.12,0.1,0.25,1.5,1,8,0.35,1.5,0.35,0.5,0.8,1.5,12,106.216797828674,8.85139981905619,0.39900840599985,50,4.16666666666667,0,-844.12354157764
0.2,0.05,0.02,0.16,2.5,1.5,0.7,6,3,-1.5,-0.9,2.5,6,0.1,0.1,1,2,1.2,4,0.6,2.5,0.25,0.3,1,1.2,15,133.014416456223,8.86762776374817,0.26203299525657,1,0.0666666666666667,1,181.520765614347
0.25,0.05,0.005,0.08,3,2.1,0.8,4,4,-1,-0.1,2,7,0.04,0.1,0.5,2,2,6,0.25,1.5,0.2,0.3,1.3,1.5,12,135.00900387764,11.2507503231367,0.270779026458911,21,1.75,0,-269.480770940136
0.45,0.03,0.01,0.18,1.5,2.1,0.6,6,3,-1.5,-0.5,2,3,0.06,0.3,0.25,0.8,0.8,6,0.6,3,0.25,0.4,0.6,1,11,91.7525868415833,8.34114425832575,1.41591373841601,50,4.54545454545455,0,-862.932429337895
0.25,0.07,0.015,0.2,3.5,1.8,0.5,1,2,-2.5,-0.1,1.5,4,0.08,0.3,0.4,1.5,1.5,6,0.6,3,0.25,0.5,0.6,1,0,43.1334435939789,999,999,50,50,0,-8492.5
0.4,0.05,0.02,0.2,2,1.2,0.5,6,3,-2.5,-0.9,1,5,0.06,0.1,0.7,1.2,1.5,1,0.25,3,0.25,0.7,1,1.2,11,90.3101522922516,8.21001384475014,0.685976185778912,50,4.54545454545455,0,-858.95491554077
0.2,0.07,0.005,0.12,2.5,1.2,0.3,4,4,-1.5,-0.5,2.5,4,0.12,0.15,0.5,1.5,1,2,0.45,3,0.1,0.4,0.6,1.5,14,135.00222158432,9.64301582745143,0.123327789513576,1,0.0714285714285714,0,165.275821483804
0.4,0.05,0.01,0.12,2,1.2,0.4,2,4,-2.5,-0.3,2,3,0.08,0.1,0.5,0.8,0.8,8,0.45,3,0.1,0.5,0.8,1.5,9,85.7584385871887,9.52871539857653,0.494749654910719,50,5.55555555555556,0,-891.295536770995
0.35,0.03,0.01,0.14,3.5,2.1,0.6,2,4,-1,-0.7,0.5,2,0.08,0.05,0.5,0.8,1.5,1,0.45,1.5,0.5,0.3,0.8,1.5,0,33.3392956256866,999,999,50,50,0,-8492.5
0.3,0.03,0.02,0.22,3,1.5,0.6,4,4,-1,-0.1,1,3,0.08,0.1,0.7,1.5,1,1,0.45,1.5,0.35,0.7,0.8,1.2,0,35.5455515384674,999,999,50,50,0,-8492.5
0.25,0.07,0.005,0.22,2.5,2.4,0.3,5,5,-2.5,-0.3,1.5,4,0.06,0.15,0.5,0.8,1.2,1,0.45,2.5,0.1,0.7,1,1.2,15,133.820848464966,8.92138989766439,0.38396112809896,36,2.4,1,-519.223280384656
0.15,0.03,0.015,0.16,3,2.1,0.3,4,2,-0.5,-0.5,2,4,0.1,0.15,0.25,1.2,1,6,0.45,2.5,0.1,0.4,1.3,2,0,52.1485505104065,999,999,50,50,0,-8492.5
0.35,0.07,0.01,0.14,2.5,2.1,0.4,3,2,-1.5,-0.1,0.5,4,0.12,0.3,0.5,2,1.5,2,0.6,2.5,0.5,0.7,0.6,1,13,96.5195150375366,7.42457807981051,0.59805791432778,50,3.84615384615385,0,-826.551734771165
0.25,0.03,0.03,0.1,1.5,1.8,0.7,6,2,-1.5,-0.9,0.5,1,0.12,0.05,0.25,0.8,0.8,6,0.35,2,0.2,0.5,1,1.5,15,120.140796661377,8.0093864440918,0.360707105142507,41,2.73333333333333,1,-616.827001635942
0.15,0.05,0.015,0.12,2.5,2.4,0.8,6,1,-2,-0.3,1.5,4,0.06,0.05,0.4,2,2,1,0.25,1.5,0.35,0.7,1.3,2,7,135.058929920197,19.2941328457424,0.966401638086581,19,2.71428571428571,0,-328.067340304789
0.25,0.05,0.02,0.22,2,2.1,0.2,3,3,-2.5,-0.9,1.5,2,0.1,0.1,1,2,1,8,0.35,2.5,0.1,0.7,0.6,1.2,15,121.554900884628,8.10366005897522,0.531732954482909,31,2.06666666666667,1,-417.917814919853
0.3,0.05,0.01,0.2,2,1.5,0.6,3,3,-0.5,-0.1,2.5,3,0.1,0.05,1,1.2,0.8,8,0.35,3,0.35,0.3,1,1.2,15,126.34893655777,8.42326243718465,0.331295007994447,48,3.2,1,-757.714631132934
0.3,0.07,0.02,0.1,3,1.8,0.3,6,5,-2.5,-0.5,0.5,6,0.1,0.3,1,2,1.2,4,0.6,3,0.35,0.3,1.3,1,11,100.049675941467,9.09542508558794,0.364951296626177,50,4.54545454545455,0,-859.563319197101
0.25,0.07,0.03,0.08,1.5,1.5,0.7,1,4,-1.5,-0.1,2,7,0.08,0.1,1,1.5,1.2,4,0.45,2.5,0.5,0.3,1,2,13,135.00297832489,10.38484448653,0.764181260048699,41,3.15384615384615,0,-654.783017516569
0.2,0.05,0.02,0.2,3,1.2,0.5,1,5,-2.5,-0.3,2.5,2,0.08,0.2,0.5,1.2,1.2,6,0.6,2.5,0.5,0.7,1,1.5,2,61.5048518180847,30.7524259090424,999,50,25,0,-6041.88106477261
0.3,0.03,0.005,0.18,3.5,2.1,0.6,3,3,-2.5,-0.9,1,6,0.04,0.1,0.5,2,0.8,8,0.35,2.5,0.2,0.5,1,1.2,0,50.0424263477325,999,999,50,50,0,-8492.5
0.25,0.03,0.02,0.18,3.5,1.2,0.8,5,4,-2.5,-0.3,1,5,0.08,0.05,0.7,1.5,1,8,0.35,2.5,0.2,0.3,1.3,1.2,0,68.7091538906097,999,999,50,50,0,-8492.5
0.3,0.07,0.015,0.2,1.5,1.2,0.8,4,2,-1.5,-0.3,0.5,4,0.1,0.2,0.25,0.8,1.2,4,0.6,2,0.35,0.5,1,1,10,91.6348097324371,9.16348097324371,0.624253842229552,50,5,0,-876.029971644257
0.3,0.03,0.005,0.22,2.5,1.8,0.5,1,3,-2.5,-0.9,2,7,0.04,0.2,0.25,0.8,0.8,1,0.25,2.5,0.25,0.4,1,1,14,135.036343336105,9.6454530954361,0.842681929698234,34,2.42857142857143,0,-498.327042387081
0.3,0.07,0.015,0.16,2.5,2.4,0.7,4,1,-2.5,-0.9,1,4,0.06,0.05,0.5,1.5,2,6,0.6,1.5,0.25,0.7,0.6,2,14,126.285143136978,9.02036736692701,0.826316966565332,50,3.57142857142857,0,-816.682503250144
0.4,0.05,0.02,0.12,3.5,1.2,0.7,5,3,-1,-0.5,2,6,0.08,0.3,0.25,0.8,1.5,4,0.45,2,0.5,0.3,0.6,2,0,48.9083545207977,999,999,50,50,0,-8492.5
0.45,0.05,0.03,0.12,3,2.4,0.2,3,2,-2,-0.7,2,6,0.08,0.05,0.4,1.5,1.5,8,0.25,3,0.25,0.3,1.3,1,9,80.5911731719971,8.95457479688856,2.31337089164121,50,5.55555555555556,0,-898.953291450428
0.15,0.07,0.005,0.18,3,2.1,0.6,3,4,-1.5,-0.5,1.5,4,0.1,0.2,0.4,1.5,0.8,6,0.6,3,0.5,0.3,0.6,1,10,135.058605670929,13.5058605670929,1.0407567005258,44,4.4,0,-768.968434920361
0.15,0.03,0.015,0.22,2.5,1.5,0.4,2,3,-2.5,-0.5,1.5,3,0.08,0.15,0.5,0.8,2,2,0.25,2,0.1,0.3,0.6,1.2,12,135.045344352722,11.2537786960602,0.38359134236245,0,0,0,149.947596548037
0.2,0.03,0.015,0.2,3,2.4,0.7,3,3,-2,-0.1,2.5,1,0.06,0.05,1,1.5,0.8,2,0.6,2.5,0.1,0.7,1,1.5,1,53.2550599575043,53.2550599575043,999,50,50,0,-6113.13764989376
0.2,0.03,0.03,0.16,2.5,1.2,0.2,1,3,-0.5,-0.3,1,5,0.04,0.15,1,0.8,0.8,6,0.45,1.5,0.1,0.5,0.8,1,14,135.026202917099,9.64472877979279,0.498704151530199,23,1.64285714285714,0,-276.605342707133
0.3,0.07,0.02,0.12,2,2.4,0.6,6,2,-2,-0.7,2.5,5,0.12,0.15,0.25,0.8,1.2,6,0.35,1.5,0.35,0.5,0.8,1,9,77.240430355072,8.58227003945245,0.632419158494306,50,5.55555555555556,0,-889.617770891103
0.25,0.05,0.005,0.08,1.5,1.5,0.8,6,3,-2.5,-0.5,1,2,0.1,0.2,0.4,1.5,1.2,1,0.45,2.5,0.2,0.4,1.3,2,14,135.059312105179,9.64709372179849,0.253418615910672,14,1,0,-95.3848273840496
0.2,0.05,0.03,0.08,1.5,2.4,0.7,2,3,-1,-0.1,1.5,2,0.1,0.15,0.5,1.5,1,1,0.6,3,0.5,0.7,1.3,1,14,135.055948495865,9.64685346399035,0.264082840118299,6,0.428571428571429,0,64.5624521394326
0.4,0.07,0.015,0.14,2,2.4,0.5,4,2,-2.5,-0.7,0.5,2,0.12,0.05,1,1.2,1.5,2,0.6,1.5,0.25,0.5,0.6,2,10,83.7939097881317,8.37939097881317,0.431283480307324,50,5,0,-873.10489484857
0.4,0.05,0.005,0.16,3,2.4,0.2,3,3,-1.5,-0.3,1,2,0.12,0.1,0.4,1.2,2,8,0.25,2.5,0.25,0.3,0.6,1,3,58.5504398345947,19.5168132781982,1.58609163761139,50,16.6666666666667,0,-1011.72249138355
0.3,0.05,0.015,0.16,3,2.4,0.4,5,3,-0.5,-0.9,0.5,6,0.06,0.05,0.5,2,0.8,8,0.35,3,0.25,0.3,1.3,1.2,9,88.4349682331085,9.8261075814565,1.30677352225963,50,5.55555555555556,0,-896.099136564939
0.4,0.05,0.03,0.08,3.5,1.2,0.6,1,1,-1.5,-0.1,1,6,0.12,0.1,0.4,1.2,0.8,6,0.6,2,0.2,0.5,1,1.2,6,75.5665147304535,12.5944191217422,1.16882013653313,50,8.33333333333333,0,-947.330148487021
0.45,0.05,0.01,0.08,1.5,1.5,0.4,5,1,-0.5,-0.3,2.5,4,0.08,0.2,0.4,2,0.8,2,0.6,2,0.1,0.3,0.6,1.2,7,70.9411399364471,10.1344485623496,1.82651645552967,50,7.14285714285714,0,-929.468703683522
0.4,0.07,0.005,0.2,2.5,1.5,0.2,5,1,-0.5,-0.1,2.5,6,0.06,0.05,0.4,2,1.2,6,0.25,2,0.35,0.5,0.8,2,15,127.870201349258,8.52468008995056,0.190726003265207,49,3.26666666666667,1,-777.265330241203
0.25,0.03,0.015,0.2,1.5,2.1,0.3,6,5,-2.5,-0.1,1,6,0.06,0.2,0.4,2,2,4,0.45,1.5,0.1,0.5,0.8,2,10,127.321041822433,12.7321041822433,0.332224186068711,50,5,0,-883.491381385952
0.4,0.05,0.03,0.2,3,2.4,0.3,4,5,-2,-0.3,2,3,0.08,0.05,0.5,2,2,1,0.35,2.5,0.1,0.3,0.6,1.5,0,29.5364921092987,999,999,50,50,0,-8492.5
0.35,0.03,0.005,0.14,3,1.8,0.2,6,4,-1.5,-0.9,1,7,0.08,0.1,0.4,0.8,2,1,0.6,2,0.5,0.7,0.6,1.2,4,78.01584649086,19.503961622715,6.91681239821935,50,12.5,0,-1023.34396604788
0.4,0.07,0.005,0.22,3,2.4,0.5,2,3,-1.5,-0.9,1,3,0.1,0.15,0.7,2,1.5,8,0.25,2,0.1,0.4,0.6,1.2,2,48.482129573822,24.241064786911,999,50,25,0,-6025.60266196728
0.15,0.05,0.01,0.12,2,1.8,0.8,2,5,-2,-0.5,1.5,7,0.1,0.2,0.5,1.2,1,6,0.35,1.5,0.1,0.5,0.8,2,11,135.005010604858,12.2731827822599,0.243975941100558,0,0,0,133.097163338848
0.25,0.07,0.01,0.14,3.5,1.5,0.6,6,1,-2.5,-0.7,0.5,6,0.12,0.05,0.25,0.8,1.2,4,0.35,1.5,0.1,0.3,1,2,0,27.1099283695221,999,999,50,50,0,-8492.5
0.45,0.05,0.03,0.18,2.5,2.4,0.7,2,2,-1.5,-0.5,1.5,3,0.1,0.1,0.5,2,1,6,0.45,2.5,0.35,0.7,0.8,1.5,9,80.0210638046265,8.89122931162516,0.408567477842858,50,5.55555555555556,0,-889.270910668277
0.4,0.07,0.02,0.2,2.5,1.2,0.4,6,4,-0.5,-0.5,1.5,4,0.1,0.05,0.4,0.8,1,8,0.25,1.5,0.5,0.3,1.3,1,12,102.869819164276,8.57248493035634,0.913011561863859,50,4.16666666666667,0,-845.99627013521
0.4,0.07,0.005,0.16,2.5,1.2,0.2,3,1,-2,-0.1,0.5,2,0.04,0.15,1,2,0.8,4,0.35,2,0.1,0.3,1,1.5,15,122.461643695831,8.16410957972209,0.743267312033966,45,3,1,-699.126610509475
0.35,0.03,0.015,0.16,3,1.8,0.3,3,4,-1,-0.9,1.5,5,0.1,0.05,0.4,0.8,1.5,6,0.6,2,0.1,0.5,1.3,2,6,83.0650019645691,13.8441669940948,0.477260586285563,50,8.33333333333333,0,-946.996720416665
0.45,0.03,0.005,0.14,3.5,2.4,0.4,3,1,-0.5,-0.7,2.5,4,0.08,0.15,0.5,0.8,0.8,6,0.25,2.5,0.5,0.7,0.6,1.2,0,52.2344417572022,999,999,50,50,0,-8492.5
0.4,0.03,0.005,0.2,2.5,1.8,0.4,4,3,-0.5,-0.1,1,5,0.06,0.15,1,1.2,1,8,0.25,1.5,0.5,0.4,1,2,15,130.535602331162,8.7023734887441,0.766802007225514,39,2.6,1,-580.589943757988
0.45,0.05,0.01,0.1,3.5,1.5,0.5,4,2,-0.5,-0.1,0.5,5,0.12,0.15,0.25,0.8,2,1,0.35,2,0.5,0.3,1.3,1.2,2,49.2812049388886,24.6406024694443,999,50,25,0,-6026.60150617361
0.3,0.03,0.03,0.14,2,1.5,0.5,5,3,-2.5,-0.1,1,5,0.06,0.1,0.25,0.8,1.2,4,0.25,1.5,0.5,0.4,1.3,1,15,119.47151350975,7.96476756731669,0.535404735224695,47,3.13333333333333,1,-737.588942594415
0.3,0.07,0.03,0.22,3.5,2.1,0.2,1,1,-1.5,-0.7,2,7,0.06,0.1,0.5,2,1.5,4,0.45,3,0.5,0.5,0.8,1.2,0,33.8706128597259,999,999,50,50,0,-8492.5
0.45,0.03,0.015,0.12,2,1.5,0.8,6,4,-1.5,-0.9,2,1,0.1,0.15,0.4,1.5,1.2,4,0.35,2.5,0.35,0.4,0.6,1.5,11,88.1099481582642,8.00999528711492,1.27032899625553,50,4.54545454545455,0,-861.376633199065
0.3,0.05,0.005,0.2,3,1.2,0.3,2,5,-1,-0.3,1,4,0.12,0.05,0.5,0.8,1,1,0.35,3,0.1,0.4,1,2,0,47.7744641304016,999,999,50,50,0,-8492.5
0.3,0.07,0.02,0.16,1.5,2.1,0.8,6,4,-2.5,-0.1,1.5,4,0.1,0.3,0.7,2,2,4,0.35,1.5,0.2,0.4,1.3,1,4,54.1157286167145,13.5289321541786,0.0496621405317191,50,12.5,0,-974.070641088105
0.3,0.03,0.01,0.22,2.5,1.2,0.4,1,5,-0.5,-0.3,0.5,6,0.08,0.15,0.7,1.5,1.5,8,0.35,1.5,0.35,0.7,1.3,2,13,135.020966768265,10.3862282129434,0.591438613887174,24,1.84615384615385,0,-313.922763601794
0.2,0.07,0.015,0.2,3.5,1.2,0.5,3,3,-2.5,-0.7,2.5,6,0.08,0.2,0.25,2,1.5,8,0.45,3,0.35,0.7,0.6,1.2,0,39.5841882228851,999,999,50,50,0,-8492.5
0.35,0.05,0.02,0.16,3.5,2.1,0.8,5,2,-1.5,-0.3,2,5,0.1,0.2,0.7,1.5,1.5,8,0.25,3,0.2,0.5,0.8,1.5,0,33.8941743373871,999,999,50,50,0,-8492.5
0.25,0.03,0.005,0.1,3.5,2.1,0.4,4,4,-2,-0.1,1,3,0.08,0.1,0.5,2,1,6,0.35,3,0.2,0.5,1,1.2,5,116.684927940369,23.3369855880737,2.647508116432,50,10,0,-996.580004552344
0.35,0.05,0.01,0.22,2,1.5,0.8,5,2,-2.5,-0.1,0.5,7,0.1,0.1,0.5,1.2,2,4,0.25,2.5,0.2,0.5,1,1.5,14,124.726177453995,8.90901267528534,0.478883493824105,50,3.57142857142857,0,-814.666949157334
0.15,0.03,0.02,0.16,3,1.8,0.2,1,3,-1.5,-0.7,2,2,0.12,0.2,0.25,1.2,1.2,8,0.35,1.5,0.5,0.5,1.3,1.5,0,52.4866616725922,999,999,50,50,0,-8492.5
0.15,0.05,0.02,0.1,2.5,2.4,0.4,6,3,-1.5,-0.9,2,4,0.12,0.2,0.7,1.2,2,2,0.25,2.5,0.25,0.7,0.6,1,11,135.024332046509,12.2749392769553,0.304880577802011,0,0,0,132.788248918602
0.25,0.03,0.03,0.1,1.5,1.2,0.2,6,2,-1.5,-0.7,1.5,3,0.06,0.05,0.25,1.2,1.2,1,0.45,1.5,0.5,0.3,1.3,1.5,8,98.8694891929626,12.3586861491203,1.08419810082907,50,6.25,0,-916.317705876946
0.3,0.07,0.02,0.12,2.5,2.1,0.2,1,3,-1,-0.3,2,5,0.06,0.1,0.7,1.5,1,8,0.25,2.5,0.25,0.5,0.8,1.5,15,111.899359703064,7.4599573135376,0.46970176396722,40,2.66666666666667,1,-595.99840210368
0.35,0.07,0.02,0.12,2,2.4,0.2,5,4,-2.5,-0.9,1,3,0.06,0.2,1,1.5,2,6,0.25,3,0.5,0.5,0.6,1.2,11,99.3152410984039,9.02865828167309,0.556227855926937,50,4.54545454545455,0,-860.352784983817
0.15,0.05,0.03,0.08,3.5,2.1,0.3,2,2,-2.5,-0.3,1.5,4,0.12,0.05,0.5,2,1.2,1,0.6,2,0.5,0.7,1.3,2,5,127.657656669617,25.5315313339233,5.14174124398863,50,10,0,-1014.53753455475
0.15,0.05,0.03,0.16,3.5,1.8,0.6,5,5,-2.5,-0.1,1.5,6,0.08,0.15,0.4,2,0.8,4,0.6,2,0.2,0.4,1,1,0,40.1904718875885,999,999,50,50,0,-8492.5
0.45,0.05,0.01,0.16,1.5,2.4,0.6,6,2,-0.5,-0.3,2,7,0.08,0.1,0.7,0.8,2,1,0.25,2,0.5,0.7,1,1.5,4,56.0378382205963,14.0094595551491,0.149985922602497,50,12.5,0,-975.773578500885
0.4,0.05,0.03,0.22,1.5,1.8,0.8,5,5,-1,-0.9,0.5,3,0.04,0.1,0.4,2,2,8,0.6,1.5,0.35,0.5,1.3,1.2,4,58.6109383106232,14.6527345776558,0.71136374146568,50,12.5,0,-980.188655151468
0.25,0.03,0.015,0.22,3,1.2,0.5,6,5,-2,-0.3,2.5,7,0.06,0.1,1,1.5,1,8,0.25,3,0.2,0.4,1.3,1.2,1,61.1627609729767,61.1627609729767,999,51,51,0,-6152.90690243244
0.4,0.05,0.01,0.14,3,1.8,0.2,4,3,-1.5,-0.7,2.5,4,0.12,0.2,0.5,1.2,2,6,0.45,2,0.25,0.3,0.8,1.5,13,106.411301612854,8.18548473945031,0.436340002490065,50,3.84615384615385,0,-827.645411861076
0.15,0.03,0.03,0.1,3,1.2,0.5,2,1,-2.5,-0.1,0.5,5,0.1,0.15,0.4,2,1.2,1,0.45,2.5,0.25,0.3,0.6,1,11,135.029997348785,12.275454304435,0.494959590243489,11,1,0,-88.163433712305
0.2,0.05,0.005,0.08,2,1.8,0.8,1,2,-2,-0.7,1.5,3,0.06,0.2,0.4,2,0.8,1,0.6,2,0.5,0.7,1.3,1,13,135.036345005035,10.3874111542335,0.248976028860337,1,0.0769230769230769,0,147.786591970115
0.35,0.07,0.005,0.1,1.5,1.8,0.2,6,1,-1,-0.3,0.5,3,0.08,0.15,0.25,2,2,2,0.45,2,0.5,0.3,1,1.5,7,84.514491558075,12.0734987940107,0.489430313048846,50,7.14285714285714,0,-927.630898550271
0.2,0.05,0.015,0.1,2.5,1.8,0.2,3,5,-1,-0.5,1.5,2,0.1,0.2,0.5,0.8,1.5,2,0.45,2.5,0.25,0.7,1.3,1.2,14,135.024913787842,9.64463669913156,0.221938552653619,1,0.0714285714285714,0,164.778715488903
0.35,0.03,0.02,0.1,2.5,1.2,0.2,5,5,-0.5,-0.3,1.5,2,0.04,0.15,0.5,0.8,2,4,0.45,2,0.25,0.5,0.8,2,13,104.097605466843,8.00750811283405,0.486442623265508,50,3.84615384615385,0,-827.450983398413
0.35,0.03,0.02,0.1,1.5,1.8,0.3,2,4,-2,-0.3,2.5,5,0.12,0.05,0.4,0.8,1,1,0.45,2,0.5,0.4,1,1.5,7,74.1046543121338,10.5863791874477,1.51758333334723,50,7.14285714285714,0,-929.053864635355
0.45,0.05,0.03,0.08,3,1.2,0.8,1,3,-0.5,-0.9,1,6,0.06,0.05,0.4,1.5,2,4,0.6,2.5,0.2,0.5,1,1,9,87.5822253227234,9.73135836919149,1.30568491818898,50,5.55555555555556,0,-895.856820513924
0.3,0.07,0.02,0.08,3.5,1.5,0.5,4,3,-1.5,-0.9,2.5,6,0.08,0.05,1,1.2,1.5,4,0.6,1.5,0.35,0.7,0.6,2,6,76.2735006809235,12.7122501134872,2.57802878409622,50,8.33333333333333,0,-954.670769204199
0.35,0.07,0.03,0.1,3.5,2.1,0.5,2,5,-2.5,-0.5,1,4,0.06,0.05,1,1.5,0.8,1,0.35,2,0.25,0.7,1.3,1.5,6,73.7612047195435,12.2935341199239,1.99005589597516,50,8.33333333333333,0,-950.684114779686
0.25,0.03,0.02,0.1,3,1.2,0.2,2,4,-1,-0.9,1.5,6,0.06,0.3,0.4,2,2,1,0.6,2.5,0.35,0.5,0.8,1.2,15,132.050739765167,8.80338265101115,0.695693033797415,29,1.93333333333333,1,-380.486921796515
0.2,0.03,0.02,0.22,3,1.5,0.6,2,5,-2.5,-0.1,0.5,4,0.04,0.15,0.25,2,1.5,6,0.45,2.5,0.1,0.5,0.6,1,0,64.3657534122467,999,999,50,50,0,-8492.5
0.25,0.07,0.015,0.12,3.5,1.8,0.7,2,3,-1.5,-0.7,1,6,0.12,0.1,0.7,1.2,1.5,2,0.45,2,0.35,0.5,0.6,2,6,87.7275588512421,14.6212598085403,0.709949075908534,50,8.33333333333333,0,-950.102894900894
0.4,0.07,0.005,0.08,3,1.2,0.3,5,2,-1,-0.7,1,1,0.12,0.05,0.4,0.8,1.2,6,0.6,2.5,0.5,0.4,1,1.2,14,130.606699705124,9.32904997893742,1.0626835076987,50,3.57142857142857,0,-818.636042485837
0.25,0.03,0.03,0.08,2,1.5,0.4,5,5,-2.5,-0.9,0.5,6,0.06,0.1,1,1.5,1,2,0.35,2,0.25,0.5,1.3,1.5,14,135.014254808426,9.64387534345899,0.502359160259545,15,1.07142857142857,0,-116.621484159945
0.25,0.03,0.03,0.22,2.5,1.8,0.3,1,3,-0.5,-0.5,0.5,5,0.06,0.3,0.4,1.2,1.5,6,0.25,2.5,0.5,0.4,1,1.5,15,132.70868396759,8.84724559783936,0.261102428838855,19,1.26666666666667,1,-178.423626138793
0.15,0.07,0.01,0.16,3,1.8,0.5,6,4,-0.5,-0.9,1.5,5,0.08,0.05,0.5,0.8,1.5,2,0.45,1.5,0.35,0.7,0.6,1.5,4,78.1507124900818,19.5376781225204,0.514847697378544,50,12.5,0,-991.418433793194
0.3,0.05,0.03,0.16,1.5,2.4,0.8,3,5,-2,-0.7,0.5,3,0.04,0.2,0.25,0.8,0.8,1,0.25,1.5,0.1,0.3,0.6,1.2,10,81.7388660907745,8.17388660907745,0.600177673678892,50,5,0,-873.435604891088
0.3,0.03,0.02,0.12,3,1.8,0.7,2,4,-0.5,-0.7,1,7,0.12,0.2,0.7,2,2,6,0.6,2,0.2,0.3,0.8,1.2,11,106.647210836411,9.69520098512823,0.748682414103619,50,4.54545454545455,0,-862.981414533339
0.4,0.03,0.03,0.2,1.5,1.5,0.3,4,1,-2.5,-0.9,1,6,0.1,0.15,0.7,2,0.8,8,0.35,3,0.1,0.4,0.6,1.2,6,66.1872937679291,11.0312156279882,0.604972447137247,50,8.33333333333333,0,-940.602901305657
0.3,0.03,0.015,0.12,1.5,2.4,0.4,5,2,-2.5,-0.5,2,6,0.1,0.3,0.25,1.5,1,6,0.25,3,0.5,0.5,0.8,1.2,9,83.9778702259064,9.33087446954515,0.331498320069822,50,5.55555555555556,0,-889.984677774212
0.4,0.07,0.015,0.12,3,2.1,0.5,6,1,-1,-0.5,0.5,6,0.04,0.05,0.7,2,1.5,4,0.25,3,0.35,0.7,0.8,1.2,8,75.6982791423798,9.46228489279747,0.624451234003066,50,6.25,0,-906.777968402009
0.45,0.03,0.005,0.08,3.5,2.4,0.5,4,2,-0.5,-0.3,1.5,4,0.12,0.2,1,0.8,1.5,1,0.6,2,0.1,0.7,1,1.2,10,129.011737346649,12.9011737346649,1.50224523565873,50,5,0,-889.764160514956
0.25,0.05,0.03,0.1,3,2.4,0.4,6,3,-2,-0.1,1.5,1,0.04,0.15,1,1.5,1,8,0.6,2.5,0.25,0.4,1,1.2,13,135.03359913826,10.3871999337123,0.501693355690652,40,3.07692307692308,0,-633.476466612734
0.35,0.07,0.01,0.12,3.5,2.1,0.7,4,5,-1,-0.7,1,7,0.1,0.1,0.4,0.8,1,6,0.6,1.5,0.35,0.3,1.3,1.2,2,46.8376276493073,23.4188138246536,999,50,25,0,-6023.54703456163
0.35,0.03,0.005,0.14,3.5,1.5,0.4,5,4,-1,-0.1,2,1,0.06,0.1,0.4,0.8,1.2,8,0.35,2,0.1,0.4,1.3,1,0,62.1866133213043,999,999,50,50,0,-8492.5
0.35,0.05,0.03,0.14,3,2.4,0.6,4,3,-1,-0.9,0.5,5,0.06,0.1,0.5,2,1.2,8,0.45,2.5,0.35,0.5,0.6,1.5,12,100.80153131485,8.40012760957082,0.398932861499062,50,4.16666666666667,0,-842.994983331422
0.15,0.05,0.005,0.22,3,1.2,0.8,1,4,-2.5,-0.7,1.5,2,0.08,0.3,0.7,1.5,1.5,6,0.45,2,0.35,0.4,0.6,1,0,44.0431885719299,999,999,51,51,0,-8512.5
0.3,0.05,0.03,0.14,1.5,2.1,0.5,1,2,-1,-0.1,2.5,2,0.06,0.05,0.5,1.5,1.2,8,0.45,2,0.5,0.4,1,1.5,14,121.120638847351,8.65147420338222,0.608375001949731,50,3.57142857142857,0,-814.670560518204
0.45,0.07,0.015,0.16,3.5,2.4,0.2,2,2,-1.5,-0.9,1,2,0.08,0.05,0.25,0.8,0.8,4,0.45,2.5,0.25,0.7,0.6,2,0,37.2023286819458,999,999,50,50,0,-8492.5
0.25,0.07,0.01,0.08,3.5,1.5,0.6,2,4,-1.5,-0.3,1.5,2,0.04,0.05,0.5,1.2,1,2,0.6,1.5,0.35,0.5,1,1.5,9,107.432559251785,11.9369510279761,1.02935976628222,50,5.55555555555556,0,-899.989176401352
0.35,0.05,0.01,0.14,2.5,1.8,0.2,3,5,-1.5,-0.3,2.5,6,0.04,0.2,1,1.2,1.2,4,0.45,2,0.1,0.5,1.3,1.2,15,118.056182861328,7.87041219075521,0.459243130245863,46,3.06666666666667,1,-716.972246128117
0.45,0.05,0.015,0.2,1.5,2.4,0.5,1,3,-2.5,-0.1,2.5,2,0.04,0.2,0.5,2,2,8,0.25,3,0.1,0.7,1,2,4,53.6067426204681,13.401685655117,0.447110918762408,50,12.5,0,-975.739768731605
0.25,0.07,0.03,0.16,2.5,2.4,0.4,4,3,-2.5,-0.5,0.5,2,0.04,0.15,0.5,1.2,1.2,2,0.25,2,0.35,0.7,1.3,1.2,15,122.507535457611,8.16716903050741,0.551515415736739,33,2.2,1,-458.175499654952
0.25,0.03,0.015,0.08,3.5,1.5,0.3,3,3,-2.5,-0.5,0.5,5,0.08,0.05,0.5,2,2,2,0.35,1.5,0.2,0.7,1,1.5,5,94.0844066143036,18.8168813228607,4.66698034722277,50,10,0,-995.377105043266
0.45,0.03,0.015,0.14,1.5,1.2,0.5,2,1,-1,-0.7,2,6,0.1,0.15,0.7,0.8,2,8,0.35,2,0.25,0.5,1.3,1.2,4,59.9782156944275,14.9945539236069,1.07564363679857,50,12.5,0,-982.86460299301
0.15,0.07,0.02,0.12,2.5,1.8,0.3,2,5,-0.5,-0.3,1.5,2,0.08,0.1,0.4,1.2,1.5,4,0.35,2.5,0.1,0.3,1.3,1.5,12,135.030239582062,11.2525199651718,0.251934740798507,5,0.416666666666667,0,50.6090263830779
0.4,0.03,0.02,0.14,2.5,1.8,0.2,6,1,-2,-0.1,2,5,0.04,0.3,0.7,0.8,1,8,0.25,2.5,0.2,0.7,1,1.2,10,80.472104549408,8.0472104549408,0.618053389123973,50,5,0,-873.208293082972
0.4,0.05,0.02,0.2,3.5,2.1,0.5,6,2,-2,-0.9,0.5,4,0.04,0.2,0.7,0.8,1.2,4,0.6,2,0.25,0.5,1.3,1.2,0,35.1749567985535,999,999,50,50,0,-8492.5
0.15,0.07,0.015,0.12,3,2.4,0.6,3,3,-2.5,-0.3,1,5,0.04,0.1,0.5,1.5,1,1,0.45,3,0.2,0.5,1,1,10,135.030343294144,13.5030343294144,0.17216765878051,34,3.4,0,-564.618424117439
0.2,0.05,0.015,0.12,2.5,1.5,0.2,3,4,-1,-0.9,2.5,1,0.12,0.3,0.5,1.2,2,8,0.45,2.5,0.2,0.5,1.3,1,14,135.064156770706,9.64743976933616,0.488356682057968,6,0.428571428571429,0,63.4396171663698
0.3,0.03,0.005,0.08,3,1.2,0.4,3,2,-2.5,-0.5,0.5,1,0.06,0.3,0.5,1.2,1.5,2,0.45,1.5,0.2,0.5,0.8,2,11,135.056836128235,12.2778941934759,1.03181228212682,33,3,0,-530.853796894324
0.2,0.03,0.005,0.2,2.5,1.2,0.7,6,3,-0.5,-0.5,2,3,0.12,0.2,0.5,1.5,0.8,6,0.35,2.5,0.25,0.3,0.8,1.5,12,135.008903026581,11.2507419188817,0.867200566361409,14,1.16666666666667,0,-132.462857629011
0.45,0.07,0.005,0.08,1.5,2.4,0.6,4,5,-2,-0.3,2.5,3,0.1,0.3,1,0.8,0.8,4,0.6,1.5,0.35,0.5,1.3,2,15,117.296049833298,7.81973665555318,1.06625456146558,49,3.26666666666667,1,-779.880614446211
0.45,0.03,0.03,0.16,2.5,1.5,0.5,3,3,-1.5,-0.3,1,1,0.1,0.15,0.4,2,0.8,6,0.45,3,0.35,0.7,1,2,12,95.0267226696014,7.91889355580012,0.769519883134324,50,4.16666666666667,0,-843.644833305172
0.3,0.03,0.03,0.2,1.5,1.2,0.2,3,4,-0.5,-0.5,1,4,0.06,0.1,0.25,2,1.5,8,0.25,2.5,0.1,0.3,0.6,1.5,12,116.701981067657,9.72516508897146,0.477161911081047,50,4.16666666666667,0,-846.698722277834
0.15,0.07,0.01,0.12,2,1.8,0.5,6,1,-0.5,-0.9,2,7,0.04,0.1,0.25,1.2,2,4,0.25,3,0.35,0.4,1.3,1,8,135.003685712814,16.8754607141018,0.0829125680460013,6,0.75,0,-42.6032146254845
0.25,0.05,0.005,0.12,2,1.2,0.7,6,2,-1,-0.7,1.5,1,0.1,0.3,0.5,0.8,1.5,6,0.45,3,0.35,0.4,0.8,1.5,14,135.058804988861,9.64705749920436,0.418933058873417,16,1.14285714285714,0,-136.212309042378
0.3,0.07,0.03,0.14,3.5,2.4,0.8,6,1,-1.5,-0.9,2,4,0.12,0.1,1,1.2,2,4,0.25,1.5,0.35,0.5,0.8,1.2,2,42.368353843689,21.1841769218445,999,50,25,0,-6017.96044230461
0.35,0.05,0.03,0.18,3,2.4,0.6,1,2,-0.5,-0.5,0.5,5,0.06,0.15,1,0.8,1,2,0.45,3,0.25,0.5,0.8,1.2,7,73.9946625232697,10.5706660747528,0.540992480963268,50,7.14285714285714,0,-924.131627591698
0.35,0.07,0.02,0.18,1.5,2.1,0.8,3,1,-2,-0.9,1,1,0.08,0.1,0.4,2,2,4,0.35,2,0.5,0.5,1.3,1.2,3,53.064679145813,17.6882263819377,0.0552245378494263,50,16.6666666666667,0,-999.496688644091
0.4,0.05,0.005,0.2,3,1.2,0.4,1,3,-2.5,-0.9,1.5,1,0.12,0.1,0.5,0.8,2,4,0.25,1.5,0.35,0.7,0.8,1,0,39.8925940990448,999,999,50,50,0,-8492.5
0.35,0.05,0.01,0.14,2.5,2.4,0.3,4,4,-1.5,-0.9,1.5,5,0.08,0.1,0.5,2,1.2,1,0.45,2.5,0.25,0.5,0.8,1.2,15,112.205397844315,7.48035985628764,0.332152086942701,48,3.2,1,-755.361660075433
0.3,0.03,0.01,0.08,2,1.8,0.7,1,4,-1.5,-0.9,1,2,0.1,0.15,0.5,1.2,2,4,0.25,2.5,0.25,0.4,1,2,13,135.056777954102,10.3889829195463,0.738600744708733,41,3.15384615384615,0,-654.665461022409
0.4,0.07,0.02,0.16,3,2.4,0.3,6,1,-0.5,-0.3,2.5,2,0.12,0.1,0.4,1.2,2,8,0.45,1.5,0.25,0.7,0.8,1,4,54.3982429504395,13.5995607376099,1.44698870809504,50,12.5,0,-981.2338453845
0.3,0.07,0.005,0.18,3,1.5,0.8,3,4,-1,-0.3,1,2,0.04,0.3,1,1.5,0.8,6,0.45,3,0.5,0.5,0.8,1.5,1,50.7794649600983,50.7794649600983,999,50,50,0,-6106.94866240025
0.15,0.03,0.01,0.08,3.5,2.1,0.2,1,3,-2,-0.9,1,7,0.04,0.3,1,2,1.2,8,0.25,3,0.35,0.7,0.8,1.2,0,56.1134176254272,999,999,50,50,0,-8492.5
0.4,0.07,0.005,0.1,3,1.2,0.7,5,2,-2.5,-0.3,0.5,1,0.04,0.05,0.7,1.2,0.8,2,0.35,2,0.35,0.3,1,1,12,111.969007730484,9.330750644207,0.707699004269456,50,4.16666666666667,0,-846.865371631865
0.4,0.05,0.02,0.22,2.5,1.2,0.6,6,1,-2,-0.3,2.5,7,0.04,0.3,1,1.2,1.5,4,0.25,2.5,0.2,0.7,0.6,1.2,8,78.5094859600067,9.81368574500084,0.821774880498878,50,6.25,0,-908.643088764996
0.2,0.03,0.03,0.1,3.5,2.4,0.5,1,3,-1,-0.5,2,7,0.04,0.15,0.25,1.2,1.2,6,0.6,2.5,0.25,0.3,1,1.2,0,44.3468968868256,999,999,50,50,0,-8492.5
0.45,0.07,0.01,0.14,1.5,1.5,0.2,1,1,-0.5,-0.7,1.5,2,0.12,0.3,0.5,2,2,4,0.25,3,0.2,0.4,0.8,1.5,4,56.8790163993836,14.2197540998459,1.01226489091795,50,12.5,0,-980.610709704204
0.2,0.03,0.03,0.18,1.5,1.5,0.8,6,5,-1.5,-0.7,2,7,0.04,0.1,1,1.2,0.8,1,0.35,2,0.5,0.7,1,1.5,14,135.04098367691,9.64578454835074,0.430971053019671,15,1.07142857142857,0,-116.269316635975
0.3,0.03,0.02,0.08,2.5,2.4,0.4,6,3,-2.5,-0.3,1.5,2,0.04,0.15,0.5,0.8,1.5,4,0.45,2,0.2,0.5,1,2,15,112.197621107101,7.4798414071401,0.226931407965607,30,2,1,-394.834260557678
0.3,0.05,0.03,0.2,2,2.1,0.2,2,2,-1.5,-0.3,0.5,4,0.04,0.05,0.7,2,1,2,0.35,1.5,0.2,0.7,1.3,1.5,15,135.057641267776,9.0038427511851,0.741915088136962,46,3.06666666666667,1,-721.219182318648
0.15,0.05,0.02,0.16,1.5,1.5,0.6,3,3,-0.5,-0.9,1,7,0.06,0.15,0.7,2,1,8,0.35,1.5,0.35,0.5,0.6,1,12,135.007311820984,11.2506093184153,0.399127294759992,13,1.08333333333333,0,-110.122159769838
0.35,0.07,0.03,0.14,1.5,1.8,0.2,3,3,-2,-0.7,1.5,1,0.08,0.2,0.25,1.5,1.5,1,0.25,2.5,0.5,0.4,1.3,1.5,13,116.541764259338,8.96475109687218,0.213981374693214,51,3.92307692307692,0,-848.481784615647
0.25,0.03,0.015,0.08,2,1.8,0.8,1,1,-1,-0.5,1.5,4,0.08,0.15,0.25,0.8,1.5,4,0.6,1.5,0.1,0.7,1,1.5,15,131.085908174515,8.73906054496765,0.524095408371246,27,1.8,1,-339.468128404275
0.35,0.07,0.02,0.12,2.5,2.4,0.3,4,2,-2.5,-0.1,2,5,0.06,0.1,1,1.2,2,1,0.35,2,0.25,0.7,0.8,1.5,12,96.2881414890289,8.02401179075241,0.607392111655691,50,4.16666666666667,0,-843.09699003516
0.35,0.03,0.02,0.12,2.5,1.2,0.7,4,4,-0.5,-0.3,0.5,5,0.1,0.3,0.5,1.2,1.2,2,0.6,2,0.35,0.3,0.8,1.5,10,89.2064757347107,8.92064757347107,0.922278409311484,50,5,0,-876.913010980235
0.35,0.03,0.01,0.1,2,1.2,0.5,1,1,-2.5,-0.1,1,3,0.12,0.2,0.5,1.2,1.5,4,0.6,3,0.2,0.4,1.3,2,11,119.726449251175,10.8842226591977,0.533152638905231,50,4.54545454545455,0,-864.87631984252
0.25,0.05,0.03,0.12,2.5,1.8,0.2,3,3,-1,-0.5,2.5,2,0.12,0.1,0.4,0.8,0.8,1,0.35,1.5,0.2,0.4,1,1.2,15,119.344006061554,7.95626707077026,0.25500853618342,15,1,1,-96.1657103578428
0.15,0.05,0.005,0.18,3.5,1.5,0.2,1,3,-1,-0.9,1,7,0.06,0.2,1,2,1.5,6,0.45,2,0.1,0.4,0.8,1.5,0,42.6082015037537,999,999,50,50,0,-8492.5
0.35,0.07,0.01,0.12,1.5,1.8,0.7,2,2,-2,-0.3,0.5,2,0.08,0.3,0.7,1.5,1.2,2,0.25,1.5,0.5,0.4,1.3,2,13,109.429265499115,8.41763580762423,0.406174334059445,51,3.92307692307692,0,-848.074961189358
0.35,0.07,0.005,0.18,3,1.2,0.5,2,2,-1.5,-0.3,2,7,0.08,0.2,0.7,1.5,0.8,1,0.6,3,0.1,0.3,1,1.2,6,76.1797196865082,12.6966199477514,2.10051481654498,50,8.33333333333333,0,-952.244123952103
0.25,0.03,0.03,0.08,1.5,2.4,0.3,6,4,-0.5,-0.1,2,7,0.06,0.2,0.25,1.5,1.5,4,0.45,2.5,0.1,0.7,0.6,1.2,13,134.221330881119,10.3247177600861,0.480772329703811,50,3.84615384615385,0,-833.215656048734
0.4,0.07,0.03,0.16,2.5,1.8,0.4,1,2,-2,-0.5,1,4,0.04,0.1,0.4,2,1,6,0.6,2,0.2,0.7,1.3,1.5,14,114.732013940811,8.19514385291508,0.733175881487224,50,3.57142857142857,0,-814.153739039724
0.15,0.05,0.02,0.12,2.5,2.1,0.8,4,4,-2.5,-0.3,1,5,0.06,0.1,0.4,2,0.8,6,0.25,2.5,0.1,0.7,1,1.2,12,135.037474393845,11.2531228661537,0.380999895669665,1,0.0833333333333333,0,129.962193356267
0.35,0.07,0.03,0.18,2,1.2,0.7,5,1,-1,-0.7,1,1,0.08,0.1,0.7,1.2,1,1,0.45,3,0.35,0.4,1.3,1.2,14,113.69682598114,8.12120185579572,0.609901847307769,50,3.57142857142857,0,-813.352513876028
0.45,0.07,0.02,0.12,2.5,2.4,0.5,2,1,-2.5,-0.3,0.5,5,0.12,0.05,0.5,0.8,0.8,8,0.35,2.5,0.1,0.3,1.3,1.5,11,88.795378446579,8.07230713150718,0.248021435734822,50,4.54545454545455,0,-856.420875007442
0.3,0.03,0.03,0.12,2.5,1.8,0.2,4,1,-0.5,-0.1,1,4,0.12,0.15,1,1.2,1.2,2,0.25,2.5,0.5,0.5,0.6,2,15,118.799742937088,7.91998286247253,0.274507720042339,32,2.13333333333333,1,-436.172495756393
0.4,0.03,0.015,0.22,1.5,1.8,0.6,5,2,-1,-0.7,2,5,0.08,0.3,0.7,1.2,1.5,4,0.25,1.5,0.25,0.7,0.6,1.5,7,71.4150855541229,10.2021550791604,0.594090574282946,50,7.14285714285714,0,-923.475840569316
0.25,0.03,0.015,0.16,2,2.1,0.6,6,1,-2.5,-0.5,1,1,0.04,0.3,1,1.5,1,1,0.25,3,0.1,0.4,0.8,1,14,135.019881248474,9.64427723203387,0.520890246008921,42,3,0,-656.715144310129
0.45,0.07,0.01,0.12,3.5,1.5,0.5,6,5,-2,-0.5,1,5,0.06,0.2,0.5,1.2,0.8,2,0.6,2.5,0.2,0.7,1,1.2,2,44.1087415218353,22.0543707609177,999,50,25,0,-6020.13592690229
0.35,0.07,0.02,0.1,2.5,2.4,0.3,5,5,-1.5,-0.3,2,4,0.04,0.05,0.4,2,1.5,4,0.25,1.5,0.35,0.3,1.3,2,15,108.649743795395,7.24331625302633,0.329914656364117,42,2.8,1,-634.757863914386
0.15,0.05,0.005,0.12,2.5,2.1,0.2,5,1,-1.5,-0.1,2,6,0.1,0.05,1,2,1.5,6,0.35,2,0.5,0.4,1.3,1.2,9,135.030915260315,15.0034350289239,0.301846856641402,1,0.111111111111111,0,75.9821781444833
0.3,0.05,0.02,0.18,2,1.2,0.8,3,4,-1,-0.5,1,7,0.12,0.05,0.7,0.8,1,1,0.35,3,0.2,0.4,1.3,1.5,14,135.014460086823,9.64389000620161,0.753490235049619,40,2.85714285714286,0,-617.877176190752
0.4,0.03,0.02,0.12,3.5,1.5,0.5,6,3,-2,-0.1,2,2,0.12,0.1,0.25,0.8,1,6,0.6,3,0.25,0.4,0.6,2,0,32.2083644866943,999,999,50,50,0,-8492.5
0.15,0.03,0.015,0.08,2.5,1.5,0.7,1,5,-1,-0.5,2,1,0.08,0.2,1,1.5,2,8,0.25,2,0.5,0.7,0.8,1.2,13,135.041508674622,10.3878083595863,0.0937978601806722,0,0,0,168.561489800131
0.3,0.07,0.02,0.12,3.5,1.5,0.2,1,3,-2,-0.1,1,5,0.12,0.1,0.5,0.8,1.5,2,0.45,3,0.35,0.3,0.8,1,1,38.3886964321136,38.3886964321136,999,50,50,0,-6075.97174108028
0.35,0.05,0.01,0.22,3,2.1,0.4,3,5,-0.5,-0.7,2.5,6,0.12,0.3,0.25,1.5,0.8,8,0.45,1.5,0.25,0.3,1.3,1.5,0,47.5855033397675,999,999,50,50,0,-8492.5
0.4,0.03,0.015,0.08,3,1.5,0.4,2,1,-2.5,-0.3,1,7,0.12,0.1,0.4,1.5,0.8,4,0.45,2,0.1,0.5,1.3,1.5,13,107.731998205185,8.28707678501423,0.551474455517639,50,3.84615384615385,0,-828.475064240124
0.35,0.05,0.015,0.2,3,1.2,0.5,6,1,-2,-0.5,1.5,6,0.06,0.3,1,1.2,1.5,2,0.25,3,0.1,0.7,0.8,2,0,44.2699973583221,999,999,50,50,0,-8492.5
0.2,0.05,0.03,0.16,3,2.4,0.8,3,5,-1,-0.7,2.5,2,0.1,0.3,1,2,1.5,2,0.45,2,0.2,0.7,1.3,1.5,10,135.014169931412,13.5014169931412,0.217756300370434,32,3.2,0,-524.842323984705
0.2,0.07,0.02,0.12,3,1.5,0.7,2,5,-2,-0.7,2.5,3,0.04,0.1,0.4,0.8,0.8,4,0.25,2.5,0.1,0.3,0.6,1.2,14,135.015228748322,9.6439449105944,0.556296589248871,35,2.5,0,-516.89134522273
0.3,0.07,0.01,0.08,2,2.1,0.2,2,5,-2.5,-0.1,0.5,1,0.06,0.2,0.25,1.5,0.8,8,0.45,2,0.25,0.3,0.6,1,11,95.0366895198822,8.63969904726202,0.847224575054534,50,4.54545454545455,0,-860.835370493428
0.45,0.03,0.02,0.2,2.5,1.8,0.4,2,5,-0.5,-0.7,1,4,0.12,0.1,0.5,2,1.5,6,0.45,1.5,0.35,0.4,1,1,9,83.4800987243652,9.27556652492947,0.503345649664875,50,5.55555555555556,0,-890.705644560648
0.2,0.07,0.005,0.16,1.5,1.2,0.6,6,1,-1.5,-0.9,2,1,0.06,0.2,0.5,1.2,0.8,8,0.6,2.5,0.5,0.5,0.6,1.2,13,135.06431388855,10.3895626068115,0.454363816880847,22,1.69230769230769,0,-273.245725601433
0.15,0.07,0.02,0.18,3.5,2.4,0.5,4,2,-2.5,-0.1,0.5,4,0.04,0.15,0.25,0.8,0.8,1,0.6,3,0.2,0.3,0.6,2,0,34.111396074295,999,999,50,50,0,-8492.5
0.25,0.05,0.02,0.14,2,2.4,0.2,6,2,-1.5,-0.9,0.5,5,0.08,0.15,0.5,1.5,1,2,0.35,2,0.1,0.7,0.8,1.2,15,124.293871879578,8.28625812530518,0.275694252603175,37,2.46666666666667,1,-537.094116576279
0.2,0.05,0.02,0.16,3,1.2,0.5,3,1,-1.5,-0.9,0.5,7,0.12,0.1,1,0.8,0.8,6,0.6,2.5,0.5,0.4,0.8,1.2,6,96.5455243587494,16.0909207264582,5.20523276400689,50,8.33333333333333,0,-976.25346563618
0.3,0.07,0.01,0.12,2.5,2.4,0.7,5,1,-1.5,-0.5,0.5,2,0.1,0.15,1,2,1.5,2,0.6,1.5,0.35,0.7,1.3,1,14,132.037178754807,9.43122705391475,0.329835361163987,50,3.57142857142857,0,-815.227244440607
0.4,0.03,0.005,0.22,3,2.1,0.2,3,4,-2.5,-0.1,2.5,6,0.08,0.2,0.7,0.8,1.2,1,0.6,3,0.25,0.5,1.3,1,0,42.9430422782898,999,999,50,50,0,-8492.5
0.2,0.03,0.01,0.22,3,2.4,0.7,1,2,-0.5,-0.3,1.5,3,0.08,0.15,0.5,2,2,4,0.25,1.5,0.2,0.4,1,2,1,66.0928018093109,66.0928018093109,999,50,50,0,-6145.23200452328
0.45,0.03,0.015,0.12,2.5,2.4,0.8,5,3,-2,-0.9,2,5,0.1,0.05,0.25,2,1.5,6,0.25,3,0.25,0.5,0.8,1.2,9,77.2979686260223,8.58866318066915,0.373777281644307,50,5.55555555555556,0,-888.340544359894
0.45,0.05,0.01,0.18,3,2.1,0.5,3,5,-1,-0.9,1.5,5,0.12,0.1,0.5,1.5,0.8,2,0.25,2.5,0.5,0.5,1,1.5,2,46.8759648799896,23.4379824399948,999,50,25,0,-6023.59495609999
0.25,0.05,0.005,0.16,3,2.1,0.7,1,1,-1.5,-0.7,0.5,7,0.06,0.15,0.5,0.8,1.2,8,0.35,1.5,0.2,0.3,0.6,1,11,135.034314632416,12.2758467847651,1.30586549132056,43,3.90909090909091,0,-732.218944418515
0.45,0.05,0.02,0.22,2.5,1.5,0.7,4,3,-2.5,-0.7,2,4,0.06,0.3,0.5,1.2,1.2,2,0.6,2,0.5,0.4,0.8,1.2,12,103.717810153961,8.64315084616343,0.385695446814092,50,4.16666666666667,0,-843.536354349479
0.3,0.03,0.005,0.08,1.5,1.5,0.3,5,1,-1,-0.9,2.5,7,0.04,0.2,1,1.2,1,4,0.35,3,0.35,0.3,0.6,1,5,73.3488755226135,14.6697751045227,1.43765267872114,50,10,0,-968.862701154912
0.15,0.05,0.01,0.08,1.5,1.8,0.7,5,1,-2.5,-0.5,0.5,5,0.04,0.15,0.7,1.5,0.8,2,0.45,2,0.35,0.5,1.3,1.2,10,135.017106771469,13.5017106771469,0.168278363771198,12,1.2,0,-124.595668511723
0.4,0.07,0.01,0.18,2,2.1,0.4,3,1,-2,-0.7,2,5,0.12,0.1,0.25,1.2,2,8,0.6,1.5,0.5,0.4,0.6,1.2,6,70.598450422287,11.7664084037145,0.044765826668006,51,8.5,0,-959.639850142626
0.4,0.05,0.03,0.22,2.5,1.2,0.4,1,4,-0.5,-0.5,0.5,2,0.04,0.05,0.25,1.2,1.5,1,0.25,2,0.2,0.3,0.6,1.5,9,78.4183430671692,8.71314922968547,0.675446402685364,50,5.55555555555556,0,-890.160105087641
0.25,0.07,0.03,0.12,2,1.2,0.5,3,1,-1,-0.9,1.5,2,0.04,0.15,1,2,1,2,0.25,1.5,0.2,0.3,1,1.5,11,114.782432794571,10.4347666176883,0.359226119456697,50,4.54545454545455,0,-862.883047141504
0.35,0.07,0.015,0.08,2.5,1.2,0.5,5,1,-0.5,-0.1,0.5,1,0.08,0.1,0.7,2,2,2,0.35,2,0.2,0.4,1,1,9,79.8059029579163,8.86732255087959,0.204301808102254,50,5.55555555555556,0,-888.18981541771
0.3,0.03,0.005,0.22,2,1.5,0.3,5,2,-0.5,-0.3,1,1,0.1,0.15,0.5,2,1.5,1,0.35,2.5,0.2,0.3,0.8,1.5,15,130.043245792389,8.6695497194926,0.301056508736685,33,2.2,1,-458.179156842415
0.3,0.03,0.01,0.2,1.5,2.4,0.3,1,5,-1.5,-0.5,0.5,4,0.1,0.3,1,1.2,0.8,1,0.35,3,0.35,0.5,0.8,1.5,14,135.021190166473,9.64437072617667,0.634245541951388,42,3,0,-657.282154525199
0.35,0.05,0.005,0.2,2,1.5,0.4,2,3,-2,-0.1,2.5,6,0.06,0.15,1,2,1.2,6,0.25,2.5,0.2,0.3,1,2,15,135.019466400146,9.00129776000977,0.296560813485245,38,2.53333333333333,1,-558.986048467451
0.2,0.03,0.02,0.12,3.5,1.5,0.3,6,2,-0.5,-0.3,2.5,6,0.08,0.15,0.4,2,2,4,0.35,2,0.5,0.3,1,1.5,1,87.6308796405792,87.6308796405792,999,50,50,0,-6199.07719910145
0.25,0.03,0.01,0.18,1.5,2.4,0.7,4,4,-1.5,-0.7,1,5,0.08,0.15,0.25,1.2,1.2,2,0.25,3,0.25,0.4,0.6,1.2,15,124.745883464813,8.31639223098755,0.284199112526083,33,2.2,1,-457.211976140099
0.4,0.03,0.03,0.2,2.5,2.4,0.4,2,3,-1,-0.5,2.5,5,0.04,0.1,1,1.5,0.8,4,0.25,2,0.2,0.4,1,1.2,8,74.7133967876434,9.33917459845543,0.0904447449907939,50,6.25,0,-903.800160221093
0.45,0.07,0.015,0.14,1.5,2.4,0.7,6,2,-2.5,-0.1,2,5,0.12,0.15,0.4,0.8,1,8,0.35,3,0.1,0.3,0.8,1.5,8,73.7792687416077,9.22240859270096,0.601446061697921,50,6.25,0,-906.063251790242
0.4,0.07,0.01,0.12,3,2.4,0.5,1,5,-1.5,-0.7,2,2,0.08,0.2,1,2,0.8,1,0.35,2.5,0.35,0.7,0.6,2,11,99.7379887104034,9.06708988276395,0.561383204560627,50,4.54545454545455,0,-860.474640729713
0.45,0.03,0.01,0.14,2.5,2.4,0.7,4,3,-1,-0.5,0.5,7,0.06,0.3,0.4,0.8,1,6,0.6,2,0.1,0.7,0.8,1.2,10,84.2854483127594,8.42854483127594,0.693099846322863,50,5,0,-874.536861309804
0.15,0.07,0.015,0.1,3.5,1.5,0.4,5,5,-1,-0.9,1.5,7,0.08,0.2,0.25,1.2,1,8,0.35,2.5,0.5,0.7,1,1.5,0,42.5626907348633,999,999,50,50,0,-8492.5
0.45,0.05,0.03,0.22,3.5,2.4,0.8,5,2,-1,-0.3,0.5,3,0.04,0.2,0.7,2,1.5,8,0.45,2.5,0.5,0.3,0.6,1.5,0,29.6571283340454,999,999,50,50,0,-8492.5
0.15,0.05,0.015,0.16,2,1.8,0.7,5,3,-1.5,-0.3,2,3,0.06,0.15,0.5,1.2,2,8,0.6,1.5,0.2,0.5,0.6,2,8,135.028020381928,16.8785025477409,0.180969878668244,13,1.625,0,-183.101105762694
0.35,0.03,0.01,0.18,1.5,1.5,0.2,1,5,-0.5,-0.9,1,6,0.12,0.1,0.7,1.2,0.8,8,0.35,2.5,0.1,0.3,1.3,1,14,135.0012383461,9.64294559614999,0.807635637574892,43,3.07142857142857,0,-678.145542178249
0.15,0.07,0.02,0.2,3,2.1,0.6,3,4,-1.5,-0.7,2,2,0.12,0.2,0.7,1.2,1.2,8,0.25,3,0.1,0.7,1,1.2,5,96.2856395244598,19.257127904892,2.27707096540734,50,10,0,-984.528174589267
0.45,0.03,0.015,0.18,3,1.8,0.8,6,4,-1,-0.1,0.5,6,0.04,0.1,0.25,2,2,4,0.6,2,0.5,0.5,0.6,1.2,8,78.3756852149963,9.79696065187454,1.74104208584322,50,6.25,0,-913.197612058903
0.15,0.07,0.01,0.18,2.5,1.2,0.7,5,1,-0.5,-0.9,0.5,3,0.1,0.1,0.4,1.2,1,6,0.25,2,0.35,0.5,1.3,1.5,12,135.059458494186,11.2549548745155,0.232642649888992,7,0.583333333333333,0,10.6993995642662
0.25,0.07,0.015,0.2,2.5,1.5,0.6,4,3,-0.5,-0.3,1.5,3,0.08,0.3,0.4,1.2,1,2,0.45,1.5,0.25,0.5,1.3,2,14,135.006323575974,9.64330882685525,0.392887082196482,22,1.57142857142857,0,-256.072707478121
0.45,0.03,0.015,0.12,2,2.1,0.4,4,4,-2,-0.3,0.5,5,0.04,0.15,1,1.5,1,1,0.25,3,0.25,0.7,1,1,11,88.6232550144196,8.05665954676542,0.763744654960997,50,4.54545454545455,0,-858.960372141718
0.4,0.07,0.02,0.14,2.5,2.1,0.2,2,5,-2,-0.9,0.5,3,0.12,0.2,0.4,1.2,1.2,6,0.25,2,0.35,0.7,1.3,1.5,11,93.1653337478638,8.46957579526034,0.861092780857518,51,4.63636363636364,0,-880.479403392438
0.35,0.03,0.03,0.14,2,1.2,0.2,5,1,-1.5,-0.1,1,7,0.06,0.2,1,1.5,2,2,0.25,2.5,0.2,0.3,0.8,2,13,111.548130512238,8.58062542401827,0.44974620909078,50,3.84615384615385,0,-828.7002946055
0.4,0.05,0.01,0.14,3.5,2.4,0.6,5,1,-1.5,-0.7,1.5,6,0.08,0.05,0.4,1.5,1.5,4,0.6,2,0.35,0.3,1.3,2,0,28.9582018852234,999,999,50,50,0,-8492.5
0.25,0.05,0.01,0.22,1.5,1.8,0.7,5,3,-2,-0.1,1,5,0.1,0.2,0.25,0.8,1.5,6,0.6,2.5,0.25,0.7,1,2,11,135.043627262115,12.276693387465,0.741644304999714,46,4.18181818181818,0,-789.399954993661
0.25,0.07,0.01,0.16,3.5,1.2,0.3,2,2,-0.5,-0.3,1,7,0.08,0.3,1,2,0.8,4,0.35,3,0.2,0.3,0.6,1.5,1,39.2757875919342,39.2757875919342,999,50,50,0,-6078.18946897984
0.2,0.03,0.03,0.2,1.5,1.8,0.7,1,4,-2,-0.7,0.5,6,0.12,0.2,1,1.2,2,4,0.35,2.5,0.1,0.7,1,1.5,6,113.240978479385,18.8734964132309,1.48835977558323,50,8.33333333333333,0,-964.625539910993
0.35,0.07,0.015,0.2,3.5,2.1,0.8,2,4,-1.5,-0.1,0.5,7,0.08,0.3,0.25,1.5,1.5,6,0.45,1.5,0.1,0.7,0.6,1.5,0,30.8758673667908,999,999,50,50,0,-8492.5
0.2,0.07,0.015,0.18,2.5,1.5,0.8,4,2,-2.5,-0.5,2.5,5,0.04,0.2,0.25,2,1.5,8,0.35,1.5,0.25,0.7,0.6,1.5,15,131.451883554459,8.76345890363058,0.367171324582508,8,0.533333333333333,1,41.255496118011
0.2,0.05,0.01,0.14,1.5,1.2,0.2,1,4,-1,-0.1,0.5,3,0.12,0.1,0.7,2,2,4,0.35,2,0.5,0.7,0.8,1,9,135.007031679153,15.0007812976837,0.116988911740673,31,3.44444444444444,0,-523.086897802913
0.15,0.03,0.03,0.18,2.5,2.4,0.4,4,2,-1,-0.5,0.5,1,0.08,0.1,0.25,0.8,1.5,6,0.45,2.5,0.5,0.5,1.3,1.2,8,135.029661178589,16.8787076473236,2.20652355541362,21,2.625,0,-353.229386895377
0.2,0.07,0.015,0.14,2.5,2.1,0.5,1,3,-1,-0.9,2.5,5,0.1,0.2,0.7,0.8,2,2,0.6,3,0.35,0.3,1,2,14,135.055916786194,9.64685119901385,0.060818206431246,1,0.0714285714285714,0,165.578780970309
0.35,0.03,0.01,0.14,2.5,1.8,0.7,6,4,-2.5,-0.3,1.5,1,0.08,0.15,0.7,1.5,1.2,2,0.25,2.5,0.25,0.5,0.8,1.5,15,108.788328886032,7.25255525906881,0.436857078860708,36,2.4,1,-515.315673541976
0.25,0.07,0.01,0.2,3,2.1,0.3,5,5,-1.5,-0.1,1,4,0.04,0.3,0.7,1.2,1.5,1,0.6,2,0.25,0.7,1,2,0,39.6916391849518,999,999,50,50,0,-8492.5
0.2,0.07,0.02,0.12,2,1.2,0.2,1,2,-1,-0.1,2,3,0.04,0.1,1,1.5,1,6,0.25,2.5,0.1,0.3,0.8,2,13,135.037183046341,10.3874756189493,0.522231092763105,17,1.30769230769231,0,-173.579844511189
0.3,0.05,0.03,0.18,1.5,2.4,0.4,5,1,-2,-0.5,1,1,0.1,0.2,0.5,1.5,1.2,6,0.35,2.5,0.5,0.7,0.6,2,15,122.794278860092,8.18628525733948,0.474464656847087,47,3.13333333333333,1,-737.838036427584
0.45,0.03,0.03,0.18,2,2.1,0.8,3,5,-1.5,-0.3,2.5,1,0.1,0.2,0.7,2,2,8,0.35,3,0.2,0.3,0.8,1,5,63.317319393158,12.6634638786316,0.461768999615302,50,10,0,-958.967504694656
0.25,0.03,0.005,0.2,2,2.4,0.4,5,4,-0.5,-0.7,2,6,0.08,0.2,0.7,1.2,1,1,0.6,2,0.25,0.7,1,1.5,14,135.060976743698,9.64721262454987,0.225040066156778,14,1,0,-95.2432318921586
0.4,0.05,0.005,0.18,1.5,1.2,0.6,4,3,-1.5,-0.3,1,7,0.1,0.2,0.7,1.2,1.2,8,0.6,2,0.35,0.4,0.6,2,11,120.731499195099,10.9755908359181,0.398252302774543,50,4.54545454545455,0,-864.430238603668
0.45,0.07,0.015,0.16,2,1.2,0.8,4,3,-2.5,-0.9,0.5,2,0.04,0.1,1,1.5,2,2,0.35,1.5,0.35,0.5,1,1,7,70.6244161128998,10.0892023018428,0.465605518576936,50,7.14285714285714,0,-922.551033347492
0.35,0.05,0.01,0.22,3,2.4,0.2,2,5,-0.5,-0.7,2.5,5,0.04,0.05,1,1.5,2,8,0.6,2,0.25,0.5,0.6,1.2,0,29.6700870990753,999,999,50,50,0,-8492.5
0.45,0.03,0.01,0.2,1.5,1.2,0.7,6,3,-2.5,-0.1,2,4,0.12,0.2,0.4,0.8,1,2,0.45,2.5,0.25,0.7,1.3,1,9,87.5606322288513,9.72895913653904,0.756944177083968,50,5.55555555555556,0,-893.107118726767
0.35,0.03,0.015,0.22,2,2.1,0.5,4,1,-2.5,-0.1,0.5,4,0.12,0.15,1,1.5,2,8,0.25,2.5,0.2,0.7,0.6,2,13,135.031033992767,10.3870026148283,0.463068071727239,34,2.61538461538462,0,-513.282846895707
0.4,0.05,0.015,0.16,2.5,1.2,0.4,2,5,-0.5,-0.3,2,7,0.12,0.05,0.7,1.5,1.5,8,0.25,3,0.35,0.4,0.8,1.5,12,102.330864191055,8.52757201592127,0.631401330581929,50,4.16666666666667,0,-844.475936692713
0.15,0.03,0.03,0.16,2.5,2.1,0.5,1,2,-1.5,-0.5,1,7,0.08,0.2,0.4,0.8,1.5,4,0.35,1.5,0.2,0.7,1,1.2,12,135.010083436966,11.2508402864138,0.428920504526008,1,0.0833333333333333,0,129.728296761335
0.45,0.03,0.015,0.16,2.5,1.5,0.6,6,3,-2,-0.7,2,2,0.12,0.15,0.5,0.8,2,8,0.45,2.5,0.5,0.4,0.6,1.2,11,94.1893362998962,8.5626669363542,0.403774905559008,50,4.54545454545455,0,-858.425541868681
0.15,0.07,0.03,0.1,2,1.2,0.3,1,4,-2.5,-0.9,2.5,6,0.04,0.05,1,1.2,1.5,2,0.25,3,0.1,0.4,0.6,1.2,13,135.001848697662,10.3847575921279,0.303240972471898,4,0.307692307692308,0,87.5219011573208
0.15,0.05,0.005,0.16,3.5,1.5,0.3,1,5,-2.5,-0.1,2,4,0.04,0.1,0.7,0.8,1.2,4,0.45,1.5,0.25,0.3,0.6,1.5,0,51.9777519702911,999,999,50,50,0,-8492.5
0.35,0.05,0.02,0.08,2,1.8,0.5,5,4,-2.5,-0.3,2,7,0.04,0.2,1,2,0.8,4,0.35,1.5,0.35,0.3,0.8,1.2,9,81.6270370483398,9.06967078314887,0.445278810499753,51,5.66666666666667,0,-909.900571010371
0.35,0.05,0.03,0.08,3.5,1.5,0.8,5,5,-2.5,-0.5,2,6,0.08,0.3,0.25,1.2,1.5,2,0.45,2.5,0.2,0.3,0.8,1.2,8,85.7612898349762,10.720161229372,0.9080311074314,50,6.25,0,-911.340558610587
0.2,0.03,0.03,0.2,3,1.5,0.3,2,1,-1,-0.5,2,5,0.12,0.2,1,2,1.5,8,0.6,2,0.1,0.4,0.6,2,1,71.8006615638733,71.8006615638733,999,50,50,0,-6159.50165390968
0.25,0.05,0.015,0.22,3,1.2,0.3,1,4,-1,-0.1,2.5,2,0.04,0.1,0.25,0.8,0.8,8,0.25,3,0.2,0.7,0.6,1,0,47.3121724128723,999,999,50,50,0,-8492.5
0.2,0.05,0.03,0.18,2,1.8,0.8,4,5,-1,-0.9,1.5,5,0.12,0.3,0.4,2,2,4,0.25,2,0.25,0.3,0.6,1.5,11,135.03346824646,12.2757698405873,0.294112355591943,20,1.81818181818182,0,-267.159986379428
0.3,0.03,0.01,0.18,2,1.2,0.2,3,2,-2,-0.3,0.5,6,0.04,0.3,0.4,0.8,0.8,2,0.25,2.5,0.35,0.3,1,1,10,98.2469570636749,9.82469570636749,0.490863240868869,50,5,0,-877.016055470263
0.35,0.05,0.02,0.1,2,1.8,0.8,5,2,-2.5,-0.7,1.5,1,0.08,0.3,0.25,1.5,1,6,0.45,3,0.2,0.4,0.6,1.2,11,91.0598690509796,8.27816991372542,0.648798800384002,50,4.54545454545455,0,-858.939418786234
0.25,0.07,0.02,0.16,1.5,1.2,0.2,2,4,-2.5,-0.7,1.5,4,0.04,0.1,0.5,0.8,1.5,4,0.6,2.5,0.1,0.7,0.6,1.5,13,135.033321619034,10.3871785860795,0.82034991705411,43,3.30769230769231,0,-695.069696050469
0.25,0.05,0.03,0.12,3,1.5,0.2,1,3,-1,-0.5,1.5,3,0.1,0.05,0.5,1.2,2,1,0.6,2,0.25,0.3,0.8,1.5,14,135.033346176147,9.64523901258196,0.65566310035748,26,1.85714285714286,0,-337.391413033242
0.35,0.03,0.01,0.22,3.5,2.4,0.8,4,1,-0.5,-0.1,2.5,5,0.04,0.05,0.5,1.2,1,2,0.25,2,0.5,0.3,1.3,1.2,0,44.0964963436127,999,999,50,50,0,-8492.5
0.25,0.03,0.01,0.22,2.5,1.2,0.7,1,1,-1.5,-0.3,1,6,0.08,0.3,1,1.5,1.5,6,0.6,2,0.5,0.4,0.6,1,13,135.070395946503,10.3900304574233,0.447549802816448,36,2.76923076923077,0,-553.212825157641
0.15,0.05,0.01,0.16,2,1.5,0.3,3,4,-1.5,-0.5,2.5,6,0.08,0.15,0.4,2,0.8,4,0.6,3,0.5,0.4,0.6,1.2,13,135.056622028351,10.3889709252578,0.175967370746514,1,0.0769230769230769,0,148.147735833123
0.2,0.03,0.03,0.08,1.5,2.4,0.5,1,4,-2,-0.1,2,2,0.1,0.1,0.7,2,1.5,2,0.25,2,0.25,0.4,0.6,1.5,11,133.42721414566,12.1297467405146,0.781148112717064,50,4.54545454545455,0,-869.230107414872
0.4,0.03,0.01,0.16,1.5,2.1,0.2,2,3,-2,-0.7,0.5,5,0.1,0.2,0.7,1.5,2,1,0.35,1.5,0.5,0.7,0.8,1.5,8,93.2708377838135,11.6588547229767,0.199680268733731,50,6.25,0,-910.14553815111
0.2,0.07,0.015,0.08,1.5,1.8,0.5,2,3,-1,-0.9,2,4,0.04,0.3,1,0.8,1,8,0.45,2.5,0.5,0.3,0.8,2,12,135.015040636063,11.2512533863386,0.732844112468624,40,3.33333333333333,0,-651.79235402819
0.2,0.05,0.005,0.16,3,2.1,0.8,5,5,-2,-0.1,2.5,4,0.04,0.1,1,1.5,1.2,1,0.35,2,0.5,0.4,1,1.5,10,135.063838243485,13.5063838243485,1.92167180873473,40,4,0,-693.374318604545
0.45,0.07,0.03,0.16,3.5,2.4,0.7,6,1,-1,-0.3,1.5,6,0.08,0.15,0.25,1.5,0.8,8,0.45,1.5,0.1,0.5,1,1.5,0,26.1749827861786,999,999,50,50,0,-8492.5
0.2,0.03,0.015,0.18,2.5,1.8,0.6,3,4,-0.5,-0.7,1,5,0.1,0.15,0.7,2,1,2,0.45,1.5,0.25,0.7,0.6,1.5,14,135.007951021194,9.64342507294246,0.56227688098957,2,0.142857142857143,0,143.080052912696
0.35,0.03,0.03,0.14,1.5,1.8,0.8,1,2,-2.5,-0.5,2,7,0.04,0.05,0.5,1.2,2,8,0.35,2,0.2,0.4,0.8,2,3,50.816882610321,16.938960870107,0.811054468154907,50,16.6666666666667,0,-1001.40267451604
0.25,0.07,0.02,0.22,3.5,2.4,0.5,1,2,-1.5,-0.7,2.5,2,0.06,0.1,0.5,0.8,0.8,2,0.35,2,0.25,0.3,1.3,1,0,31.1924405097961,999,999,50,50,0,-8492.5
0.2,0.07,0.01,0.18,3,1.8,0.4,4,4,-0.5,-0.1,2,5,0.06,0.15,1,1.5,0.8,4,0.25,2,0.1,0.3,1.3,2,0,44.7026829719543,999,999,50,50,0,-8492.5
0.4,0.03,0.015,0.16,1.5,1.5,0.2,6,3,-2,-0.5,2.5,1,0.08,0.05,1,1.2,1,4,0.25,3,0.1,0.4,1,1,7,70.4770593643188,10.0681513377598,0.924295867003603,50,7.14285714285714,0,-924.791857679418
0.45,0.05,0.005,0.08,2,2.1,0.4,1,2,-1.5,-0.7,1,2,0.08,0.3,0.7,1.2,1.5,8,0.45,3,0.1,0.7,0.6,1.5,15,124.144645929337,8.27630972862244,0.91966677580339,44,2.93333333333333,1,-680.289108200573
0.4,0.07,0.03,0.2,3,2.4,0.7,6,4,-0.5,-0.9,1,2,0.06,0.3,0.4,2,2,1,0.25,2.5,0.2,0.7,0.8,1.5,1,37.9623117446899,37.9623117446899,999,50,50,0,-6074.90577936173
0.2,0.07,0.015,0.1,1.5,2.4,0.2,4,2,-0.5,-0.7,1,1,0.06,0.1,1,2,2,2,0.6,1.5,0.1,0.5,1.3,1.2,10,135.056276082993,13.5056276082993,0.390612383263514,40,4,0,-685.717130937066
0.45,0.05,0.02,0.2,1.5,1.8,0.5,1,5,-0.5,-0.7,2.5,5,0.1,0.3,1,1.2,1.2,6,0.25,3,0.1,0.7,1,1,8,71.9559850692749,8.99449813365936,1.4812032181011,50,6.25,0,-909.892261424654
0.15,0.07,0.02,0.1,3.5,1.5,0.7,1,1,-2,-0.9,1,3,0.08,0.3,0.25,2,0.8,2,0.45,2,0.2,0.5,0.6,1.2,4,74.7807140350342,18.6951785087585,1.17191036103135,50,12.5,0,-992.597498077053
0.15,0.07,0.01,0.08,2,2.4,0.2,3,4,-0.5,-0.9,1,3,0.12,0.3,1,2,1,8,0.45,3,0.1,0.7,1.3,1.2,12,135.024119615555,11.2520099679629,0.288498105570841,0,0,0,150.427484552239
0.35,0.05,0.015,0.1,3.5,1.2,0.2,4,2,-1,-0.5,2,5,0.1,0.1,0.25,0.8,0.8,8,0.45,1.5,0.25,0.3,1.3,1,0,41.4471917152405,999,999,50,50,0,-8492.5
0.25,0.03,0.02,0.22,2,1.5,0.8,1,5,-1,-0.1,1.5,2,0.04,0.3,0.7,1.5,1,8,0.35,2,0.25,0.7,1,1,14,135.054203033447,9.64672878810338,0.639636427114147,41,2.92857142857143,0,-637.315004105829
0.45,0.05,0.005,0.08,1.5,1.2,0.6,1,1,-2,-0.5,1.5,4,0.1,0.05,1,2,0.8,4,0.45,2,0.2,0.4,0.6,1,8,92.2268464565277,11.528355807066,0.589025243151368,50,6.25,0,-911.766015733422
0.35,0.05,0.01,0.12,2,1.5,0.8,4,3,-2.5,-0.5,2.5,3,0.08,0.2,0.7,0.8,2,1,0.6,2.5,0.25,0.4,1,1,12,103.318039417267,8.60983661810557,0.540279258669968,50,4.16666666666667,0,-844.225987838614
0.35,0.03,0.005,0.16,2.5,1.2,0.6,4,5,-2,-0.5,1.5,5,0.08,0.15,0.5,1.5,1.2,4,0.45,1.5,0.25,0.4,0.8,2,12,135.025081396103,11.2520901163419,1.16769244349507,37,3.08333333333333,0,-593.96868750833
0.25,0.05,0.015,0.2,2.5,1.2,0.2,6,4,-1.5,-0.5,1.5,1,0.04,0.3,0.25,0.8,1.2,2,0.45,1.5,0.1,0.3,0.8,2,15,132.732230186462,8.84881534576416,0.385561288465792,30,2,1,-399.049844806739
0.3,0.03,0.005,0.08,3.5,2.4,0.2,4,2,-0.5,-0.5,0.5,4,0.06,0.2,1,1.2,0.8,6,0.25,2.5,0.2,0.4,1.3,1.2,5,102.717204093933,20.5434408187866,4.05210184584279,50,10,0,-996.619111276181
0.15,0.03,0.005,0.1,1.5,1.2,0.6,5,2,-2,-0.1,2.5,3,0.06,0.2,1,1.5,2,6,0.45,3,0.1,0.7,1,2,6,135.053120613098,22.5088534355164,0.316056659440036,19,3.16666666666667,0,-347.852416885991
0.25,0.03,0.01,0.1,2.5,1.2,0.5,1,2,-2,-0.3,0.5,6,0.06,0.3,0.5,0.8,1.2,2,0.35,3,0.1,0.3,0.6,1.2,13,135.055594205856,10.388891861989,0.455279783189327,37,2.84615384615385,0,-573.248628570919
0.4,0.07,0.01,0.14,2.5,2.4,0.4,1,1,-1.5,-0.5,1,1,0.08,0.15,0.7,1.2,2,8,0.25,2.5,0.1,0.7,0.8,1,12,94.0683002471924,7.83902502059937,0.692894426633212,50,4.16666666666667,0,-843.062034684665
0.2,0.07,0.015,0.18,3.5,1.2,0.4,4,4,-0.5,-0.5,1.5,2,0.1,0.15,1,0.8,1,1,0.45,2.5,0.1,0.3,1.3,1.5,1,44.0395629405975,44.0395629405975,999,50,50,0,-6090.09890735149
0.35,0.07,0.015,0.2,3.5,1.2,0.5,1,4,-1.5,-0.1,1.5,1,0.06,0.3,0.4,2,1.5,2,0.45,3,0.5,0.3,1.3,1.5,0,38.1372368335724,999,999,50,50,0,-8492.5
0.4,0.05,0.03,0.12,2,1.5,0.2,2,5,-0.5,-0.1,2,5,0.06,0.3,1,1.2,2,4,0.6,3,0.35,0.5,1,1.5,11,96.9805994033814,8.81641812758012,0.37778009390499,50,4.54545454545455,0,-858.929945788475
0.35,0.03,0.02,0.1,3.5,2.1,0.2,2,2,-0.5,-0.7,1.5,2,0.06,0.05,0.25,2,1,6,0.45,2,0.35,0.4,0.6,1.2,0,31.0480227470398,999,999,50,50,0,-8492.5
0.2,0.03,0.005,0.14,2.5,2.4,0.3,4,3,-2.5,-0.5,1,4,0.06,0.1,0.25,0.8,2,1,0.45,2.5,0.2,0.4,1,2,13,135.039950609207,10.3876885084006,0.107649891566748,0,0,0,168.492529271165
0.4,0.03,0.03,0.2,1.5,1.5,0.5,2,3,-2.5,-0.9,2.5,6,0.1,0.1,0.4,0.8,1.5,2,0.35,2,0.5,0.4,1.3,2,10,95.6047620773315,9.56047620773315,0.528248878967961,50,5,0,-876.542434914173
0.15,0.05,0.005,0.08,2,2.4,0.8,4,4,-2,-0.1,2.5,6,0.1,0.05,0.7,0.8,0.8,6,0.45,2.5,0.35,0.7,0.6,1,12,135.05779004097,11.2548158367475,0.500655149666525,6,0.5,0,29.3596846597987
0.3,0.03,0.015,0.1,3.5,1.5,0.4,5,4,-1,-0.7,1.5,5,0.08,0.15,0.25,2,0.8,1,0.6,1.5,0.35,0.7,0.6,2,0,36.715430021286,999,999,50,50,0,-8492.5
0.35,0.03,0.01,0.08,1.5,2.1,0.8,5,1,-2,-0.5,0.5,7,0.06,0.1,0.4,0.8,1.2,2,0.25,2,0.2,0.7,1,2,10,103.384429931641,10.3384429931641,0.257022975622019,50,5,0,-877.13122236102
0.45,0.05,0.005,0.08,3,1.2,0.2,6,3,-1,-0.7,1.5,1,0.12,0.05,0.5,2,1.5,6,0.35,2,0.1,0.5,1.3,1,13,135.041690587997,10.3878223529229,1.00449596858953,46,3.53846153846154,0,-755.992035725255
0.4,0.03,0.03,0.08,2.5,1.8,0.3,6,1,-0.5,-0.9,1.5,5,0.08,0.1,0.5,2,1.2,2,0.6,3,0.5,0.4,1,1.2,10,88.1109719276428,8.81109719276428,0.578891854710319,50,5,0,-874.922202255462
0.45,0.05,0.015,0.22,3.5,1.5,0.2,5,1,-2.5,-0.1,0.5,1,0.04,0.3,0.5,1.5,0.8,6,0.45,3,0.5,0.7,0.8,1.5,0,36.3654093742371,999,999,50,50,0,-8492.5
0.15,0.03,0.01,0.16,2.5,2.1,0.3,2,5,-1.5,-0.7,0.5,6,0.08,0.05,0.4,0.8,1.5,8,0.45,2,0.5,0.5,0.8,2,11,135.051751375198,12.2774319431999,0.634968134619315,0,0,0,131.131579468904
0.3,0.03,0.005,0.18,3.5,1.5,0.8,6,4,-1.5,-0.9,1,7,0.08,0.1,0.7,2,1,6,0.6,2,0.35,0.3,0.6,2,0,47.5914912223816,999,999,50,50,0,-8492.5
0.2,0.05,0.02,0.12,1.5,2.1,0.5,1,4,-2,-0.3,2.5,6,0.12,0.15,0.7,1.5,1,6,0.35,2,0.35,0.3,1,2,14,135.046541213989,9.64618151528495,0.514922409537085,10,0.714285714285714,0,-16.6900658358978
0.45,0.03,0.005,0.12,3,1.8,0.3,4,4,-1,-0.3,1.5,2,0.12,0.15,0.25,1.2,0.8,6,0.25,3,0.5,0.5,1.3,1.2,8,114.259236812592,14.2824046015739,0.993365178219861,51,6.375,0,-940.672837395034
0.3,0.07,0.03,0.1,3.5,1.8,0.5,2,4,-0.5,-0.5,2,6,0.04,0.05,0.7,1.5,0.8,4,0.25,2.5,0.2,0.7,1,2,5,72.9448647499085,14.5889729499817,1.22637744877016,50,10,0,-967.604319618805
0.2,0.03,0.01,0.18,3.5,2.1,0.5,1,1,-0.5,-0.7,2.5,1,0.1,0.05,0.7,0.8,2,1,0.35,1.5,0.2,0.5,0.6,1.2,0,54.340158700943,999,999,50,50,0,-8492.5
0.4,0.07,0.015,0.14,2,1.5,0.5,5,2,-0.5,-0.5,1.5,6,0.12,0.1,1,0.8,0.8,1,0.25,1.5,0.25,0.5,0.8,2,10,91.6026582717896,9.16026582717896,1.08095279395473,50,5,0,-878.305428537721
0.4,0.03,0.005,0.12,1.5,1.8,0.4,5,3,-1,-0.3,2,7,0.1,0.05,1,1.2,2,4,0.45,1.5,0.25,0.4,0.6,2,9,106.535124778748,11.8372360865275,0.422155665793241,50,5.55555555555556,0,-896.703868545285
0.45,0.07,0.03,0.1,1.5,2.1,0.6,5,2,-2,-0.5,0.5,1,0.1,0.2,0.25,1.2,2,1,0.45,2,0.1,0.5,0.6,1.5,4,54.8437006473541,13.7109251618385,0.28180518614596,50,12.5,0,-975.686338835326
0.2,0.05,0.02,0.08,1.5,2.1,0.8,1,1,-1,-0.5,2.5,7,0.08,0.1,0.5,1.2,1,8,0.25,3,0.1,0.3,1,2,12,135.034747362137,11.2528956135114,0.55586125031408,2,0.166666666666667,0,109.088454714651
0.3,0.05,0.02,0.12,2,1.5,0.5,6,2,-0.5,-0.3,2,1,0.1,0.05,0.4,1.5,1.5,4,0.45,1.5,0.1,0.5,1.3,1.2,15,114.545742034912,7.63638280232747,0.294792825051695,48,3.2,1,-755.564921131077
0.3,0.05,0.01,0.22,3.5,1.2,0.6,1,5,-2,-0.7,1.5,4,0.08,0.3,0.5,2,1.2,8,0.6,1.5,0.35,0.7,0.8,1,0,28.3227677345276,999,999,50,50,0,-8492.5
0.35,0.07,0.01,0.16,2,1.8,0.6,3,3,-0.5,-0.5,0.5,4,0.08,0.1,0.4,2,2,8,0.6,2,0.2,0.7,1,2,13,131.228141784668,10.0944724449745,0.582494100985529,50,3.84615384615385,0,-833.148651617364
0.35,0.05,0.03,0.1,2.5,2.4,0.8,4,4,-0.5,-0.9,2.5,4,0.1,0.15,0.5,1.5,0.8,1,0.25,3,0.5,0.4,1,2,15,104.424147605896,6.96160984039307,0.197009296402584,31,2.06666666666667,1,-413.389071082996
0.45,0.07,0.01,0.08,3,2.4,0.5,6,1,-0.5,-0.9,2,7,0.1,0.05,0.5,2,1.2,2,0.45,3,0.35,0.5,0.8,2,9,82.9796481132507,9.2199609014723,0.555970326548518,50,5.55555555555556,0,-890.829753886423
0.3,0.07,0.015,0.18,1.5,2.1,0.7,2,2,-1,-0.7,0.5,5,0.08,0.15,0.7,0.8,1,6,0.35,3,0.35,0.3,1.3,2,15,127.824472427368,8.52163149515788,0.530573950885562,43,2.86666666666667,1,-658.956948492322
0.35,0.05,0.02,0.2,1.5,2.1,0.7,2,5,-0.5,-0.5,1,1,0.1,0.3,0.4,0.8,0.8,4,0.45,2.5,0.1,0.5,0.6,2,12,97.7558417320251,8.14632014433543,0.62770207124959,50,4.16666666666667,0,-843.504310717086
0.4,0.03,0.015,0.12,3,2.1,0.2,6,5,-1.5,-0.1,2,6,0.1,0.05,0.5,0.8,1.5,1,0.25,2.5,0.5,0.3,0.6,2,10,87.7713718414307,8.77713718414307,1.3905233485114,50,5,0,-878.895459702915
0.4,0.05,0.03,0.14,3,2.4,0.3,4,3,-0.5,-0.9,0.5,2,0.1,0.15,0.5,1.2,2,1,0.35,1.5,0.35,0.5,1.3,2,11,96.532146692276,8.77564969929782,1.13096044283918,50,4.54545454545455,0,-862.593926462441
0.15,0.05,0.015,0.12,3,2.4,0.4,1,3,-1,-0.7,1,7,0.08,0.05,0.7,2,1.5,4,0.45,3,0.2,0.7,1.3,1.2,8,135.025210142136,16.878151267767,2.67239741928442,34,4.25,0,-615.55736526584
0.25,0.05,0.015,0.2,3.5,2.1,0.6,6,5,-2.5,-0.7,0.5,6,0.1,0.05,1,1.2,1.2,6,0.25,2,0.35,0.5,1.3,2,0,38.3913464546204,999,999,50,50,0,-8492.5
0.45,0.07,0.03,0.2,2.5,1.2,0.7,3,3,-1,-0.5,1.5,3,0.08,0.2,0.5,0.8,1.2,8,0.6,2,0.5,0.7,0.6,1,9,84.3164196014404,9.36849106682671,0.285671149913788,50,5.55555555555556,0,-889.849583416636
0.4,0.03,0.015,0.14,1.5,1.8,0.2,3,5,-0.5,-0.5,2.5,7,0.04,0.3,0.4,1.2,2,4,0.35,2,0.2,0.5,1.3,1,5,61.4239153862,12.28478307724,0.52659070351218,51,10.2,0,-978.344911210661
0.4,0.07,0.015,0.18,1.5,1.5,0.2,4,2,-0.5,-0.5,2,7,0.1,0.2,1,1.5,2,4,0.25,2,0.2,0.4,0.8,1,4,56.4235680103302,14.1058920025826,0.356936801820919,50,12.5,0,-977.049414015561
0.2,0.05,0.005,0.1,1.5,1.2,0.3,6,3,-0.5,-0.3,2,7,0.08,0.15,0.7,2,1.5,4,0.35,1.5,0.25,0.3,0.8,2,10,135.02446770668,13.502446770668,0.853325918460419,26,2.6,0,-408.022746518972
0.45,0.03,0.03,0.18,2.5,2.4,0.4,1,3,-2.5,-0.7,1,4,0.06,0.3,0.7,1.5,2,1,0.45,2,0.5,0.7,0.8,1,10,78.3469884395599,7.83469884395599,0.538190932725165,50,5,0,-872.277701773516
0.35,0.07,0.02,0.1,3,1.5,0.4,1,5,-2.5,-0.5,2.5,4,0.08,0.3,0.7,2,1.5,2,0.35,3,0.5,0.4,1,1.2,12,98.8761518001556,8.23967931667964,0.71649196527001,50,4.16666666666667,0,-844.181658118049
0.15,0.05,0.03,0.08,3,1.8,0.4,6,1,-1.5,-0.7,2,3,0.06,0.15,0.5,1.5,2,1,0.35,2,0.25,0.7,1,2,8,135.051813602448,16.8814767003059,0.468864977812619,20,2.5,0,-324.548016639828
0.45,0.07,0.015,0.16,2.5,1.2,0.3,3,1,-2,-0.3,2,6,0.12,0.1,0.4,0.8,2,8,0.6,2.5,0.2,0.4,0.8,1.5,12,93.9989225864411,7.83324354887009,0.440464796997682,50,4.16666666666667,0,-841.785432857164
0.45,0.03,0.01,0.1,2.5,2.1,0.4,5,5,-2.5,-0.5,2.5,2,0.04,0.2,1,1.2,1.2,6,0.25,3,0.2,0.4,0.6,1.5,10,84.3079509735107,8.43079509735107,0.440760711401074,50,5,0,-873.280791300383
0.35,0.05,0.01,0.18,2.5,1.2,0.8,1,4,-0.5,-0.3,1.5,1,0.1,0.3,1,2,1.5,8,0.45,2,0.35,0.4,1,1.5,11,104.132839679718,9.46662178906527,1.15647273966806,50,4.54545454545455,0,-864.448918171004
0.15,0.05,0.005,0.14,1.5,1.5,0.2,3,1,-0.5,-0.7,0.5,2,0.12,0.1,0.25,2,0.8,8,0.45,3,0.2,0.7,0.8,1.5,11,135.034825563431,12.2758932330392,0.251405776321891,0,0,0,133.053238035793
0.15,0.05,0.015,0.18,2.5,1.2,0.4,3,2,-0.5,-0.5,2.5,3,0.1,0.05,0.7,1.5,0.8,4,0.45,2,0.35,0.7,0.8,1.5,13,135.052241325378,10.388633948106,0.268511827136427,3,0.230769230769231,0,107.685855994053
0.4,0.03,0.03,0.08,1.5,1.5,0.3,5,1,-2.5,-0.1,2.5,6,0.12,0.2,1,1.2,1.5,8,0.45,3,0.5,0.7,1,2,8,82.8167157173157,10.3520894646645,0.655227492800917,50,6.25,0,-909.156361125666
0.25,0.05,0.03,0.08,3.5,2.1,0.3,6,3,-2,-0.5,1,6,0.04,0.05,0.7,1.5,0.8,4,0.25,1.5,0.2,0.7,1.3,2,5,86.0511410236359,17.2102282047272,2.90286417526302,50,10,0,-982.539891388133
0.45,0.07,0.02,0.08,2,2.4,0.2,4,4,-1.5,-0.7,1,4,0.08,0.05,0.4,1.5,0.8,4,0.6,1.5,0.25,0.7,0.8,1,10,83.8454835414887,8.38454835414887,0.837085940537147,50,5,0,-875.146800588058
0.35,0.07,0.03,0.1,1.5,1.8,0.8,4,5,-1,-0.5,0.5,2,0.06,0.1,1,2,1.2,6,0.6,3,0.25,0.4,0.8,1.2,10,85.863475561142,8.5863475561142,0.525167748469754,50,5,0,-874.091707632634
0.45,0.07,0.02,0.1,3.5,1.2,0.4,5,3,-2.5,-0.9,0.5,1,0.12,0.15,0.7,0.8,0.8,6,0.6,2,0.5,0.3,0.6,1,6,67.4615249633789,11.2435874938965,0.995977077843526,50,8.33333333333333,0,-943.088854123959
0.25,0.07,0.01,0.1,2.5,1.2,0.8,5,4,-2,-0.3,2,5,0.06,0.1,0.25,1.2,2,2,0.45,1.5,0.5,0.4,1.3,2,10,135.056515693665,13.5056515693665,11.4419989188231,20,2,0,-340.974123517532
0.45,0.03,0.03,0.16,2.5,1.2,0.5,2,5,-2.5,-0.3,2.5,3,0.1,0.3,0.5,0.8,1,2,0.35,1.5,0.2,0.3,0.8,1,10,91.4616401195526,9.14616401195526,0.385738235994821,50,5,0,-874.794101209862
0.3,0.03,0.02,0.2,2,1.5,0.5,5,3,-1.5,-0.1,2,6,0.12,0.05,0.25,1.5,1.5,8,0.25,2,0.5,0.7,0.6,1.2,14,120.699690341949,8.62140645299639,0.399088372861763,50,3.57142857142857,0,-813.5489579968
0.2,0.07,0.015,0.14,1.5,1.2,0.8,1,4,-1.5,-0.9,1.5,1,0.1,0.15,1,0.8,1.2,2,0.35,2.5,0.35,0.5,0.6,1,12,135.024528264999,11.2520440220833,0.537579179888193,38,3.16666666666667,0,-610.818005954649
0.45,0.07,0.015,0.2,2,2.4,0.2,3,5,-1.5,-0.3,1.5,2,0.06,0.05,0.4,1.5,1,6,0.35,1.5,0.5,0.4,1.3,1,12,90.7386312484741,7.56155260403951,0.420362474515055,50,4.16666666666667,0,-841.005693882674
0.4,0.03,0.005,0.2,3.5,2.4,0.7,4,1,-0.5,-0.5,2,4,0.1,0.15,0.25,0.8,2,8,0.6,1.5,0.1,0.5,1,1,0,44.4676339626312,999,999,50,50,0,-8492.5
0.25,0.07,0.005,0.12,2.5,2.1,0.3,5,5,-2,-0.7,1.5,1,0.12,0.3,1,1.5,1,8,0.6,1.5,0.5,0.7,1,1,15,120.011824846268,8.00078832308451,0.222255777248117,31,2.06666666666667,1,-416.113249693952
0.45,0.03,0.01,0.08,2,1.5,0.5,2,2,-1,-0.1,1,6,0.12,0.05,0.25,0.8,2,2,0.25,1.5,0.1,0.3,0.8,1.5,10,93.6832931041718,9.36832931041718,0.5402524187489,50,5,0,-876.122085369788
0.35,0.03,0.01,0.18,1.5,1.2,0.8,2,2,-2.5,-0.1,1,3,0.06,0.3,0.7,2,0.8,6,0.25,2,0.35,0.4,1,1.5,7,77.4080543518066,11.0582934788295,0.618125434464563,50,7.14285714285714,0,-925.736360869397
0.25,0.03,0.015,0.2,2.5,2.1,0.6,5,3,-2,-0.5,2.5,1,0.08,0.2,0.25,1.5,0.8,6,0.25,2,0.5,0.3,0.6,2,15,133.867362976074,8.92449086507162,0.536648316201464,5,0.333333333333333,1,100.005531256314
0.4,0.07,0.03,0.18,3,1.2,0.8,3,3,-2,-0.9,2,1,0.12,0.1,0.4,2,1.2,8,0.6,2,0.1,0.7,0.8,1.2,3,49.0479409694672,16.3493136564891,7.59762930870056,50,16.6666666666667,0,-1033.86143068473
0.2,0.07,0.02,0.18,3,1.2,0.8,6,2,-1,-0.1,2,1,0.08,0.05,0.25,1.2,1.5,4,0.35,2,0.25,0.3,1.3,2,1,46.1362562179565,46.1362562179565,999,50,50,0,-6095.34064054489
0.35,0.03,0.02,0.14,2.5,1.8,0.6,3,1,-1.5,-0.3,2.5,2,0.1,0.15,0.4,1.2,1.2,8,0.35,3,0.5,0.7,0.8,2,12,102.53724694252,8.54477057854334,0.777430332539474,50,4.16666666666667,0,-845.249078109056
0.45,0.07,0.005,0.22,2.5,1.8,0.5,5,1,-2,-0.1,2.5,6,0.04,0.1,1,2,1.2,6,0.45,2.5,0.2,0.4,0.8,2,14,123.280918121338,8.80577986580985,0.417511944650821,50,3.57142857142857,0,-814.102009387779
0.25,0.07,0.02,0.08,3.5,1.5,0.7,5,5,-2.5,-0.1,0.5,1,0.12,0.1,0.4,1.2,2,8,0.25,2,0.35,0.7,0.8,1.5,7,96.9917285442352,13.855961220605,0.925035114003168,50,7.14285714285714,0,-934.265078621528
0.4,0.05,0.03,0.18,2,1.5,0.4,2,1,-0.5,-0.9,2.5,2,0.08,0.05,0.25,1.2,0.8,1,0.45,2,0.35,0.5,0.8,1.5,10,88.7002375125885,8.87002375125885,0.303167464329865,50,5,0,-873.690896699796
0.2,0.05,0.015,0.1,2.5,2.1,0.7,6,2,-1,-0.1,1,2,0.1,0.1,0.7,0.8,2,1,0.6,3,0.5,0.3,1.3,1.2,12,135.002902269363,11.2502418557803,0.122510359779833,9,0.75,0,-28.7381564383499
0.2,0.05,0.01,0.2,3,2.1,0.8,6,1,-1,-0.5,2.5,3,0.04,0.1,0.7,1.5,2,8,0.6,2.5,0.25,0.4,0.8,2,10,135.006281852722,13.5006281852722,1.44319045235968,44,4.4,0,-770.967522724979
0.25,0.03,0.005,0.12,2.5,1.5,0.8,2,4,-0.5,-0.1,1.5,3,0.08,0.2,0.25,0.8,1,1,0.25,3,0.35,0.3,1,2,14,135.063997030258,9.64742835930416,0.121501484938579,0,0,0,185.273921677047
0.4,0.05,0.005,0.2,1.5,1.8,0.7,5,2,-1.5,-0.5,0.5,6,0.06,0.15,0.25,1.2,0.8,4,0.45,2,0.25,0.5,1.3,1.5,13,130.957046031952,10.0736189255348,0.270227517040528,50,3.84615384615385,0,-831.53518489904
0.25,0.07,0.005,0.14,2,1.2,0.5,1,1,-2.5,-0.3,2.5,4,0.04,0.05,0.7,1.2,1.2,1,0.6,3,0.25,0.5,0.8,2,12,135.040057897568,11.2533381581306,0.763133615573017,33,2.75,0,-511.949013473192
0.45,0.05,0.005,0.18,3,1.8,0.8,6,2,-1,-0.3,2,7,0.1,0.1,0.25,1.2,0.8,1,0.25,3,0.5,0.5,1,1,5,75.4884834289551,15.097696685791,3.5031427392441,50,10,0,-980.259955410698
0.15,0.07,0.01,0.18,1.5,1.2,0.2,3,5,-2,-0.1,1,5,0.12,0.15,0.7,2,2,1,0.45,2,0.25,0.3,1.3,1,9,135.0503885746,15.0055987305111,0.339258190061562,2,0.222222222222222,0,55.7897122234144
0.35,0.03,0.005,0.18,1.5,2.4,0.4,3,4,-1.5,-0.5,1,2,0.08,0.3,1,1.2,1.5,6,0.6,1.5,0.25,0.4,0.6,2,12,128.651599645615,10.7209666371346,0.565150379471736,50,4.16666666666667,0,-849.628168490195
0.4,0.03,0.005,0.12,2.5,1.8,0.7,5,4,-1,-0.3,2.5,7,0.04,0.1,0.5,2,1.2,8,0.6,1.5,0.25,0.5,1.3,1.2,15,121.978648662567,8.13190991083781,0.210873369890268,35,2.33333333333333,1,-496.384141626546
0.2,0.05,0.02,0.1,2,1.8,0.7,4,4,-2.5,-0.7,1.5,6,0.06,0.3,0.25,1.5,2,2,0.6,2.5,0.1,0.3,0.8,1.5,11,135.046310186386,12.2769372896715,0.358559230416183,32,2.90909090909091,0,-507.48513937626
0.25,0.07,0.005,0.14,3.5,2.1,0.4,5,4,-1,-0.1,1,1,0.08,0.05,1,0.8,0.8,1,0.6,3,0.35,0.7,1.3,1,0,34.0104143619537,999,999,50,50,0,-8492.5
0.15,0.07,0.015,0.08,2.5,1.5,0.7,6,4,-0.5,-0.3,1,5,0.1,0.2,0.5,0.8,0.8,1,0.45,2,0.2,0.7,1,1.2,14,135.017431020737,9.64410221576691,0.0747444517693267,0,0,0,185.516022201736
0.35,0.05,0.02,0.2,3,1.2,0.7,4,5,-1.5,-0.5,1.5,4,0.06,0.1,0.25,1.5,1.5,6,0.45,2.5,0.25,0.3,0.8,2,0,41.0723617076874,999,999,50,50,0,-8492.5
0.35,0.07,0.005,0.18,2,2.4,0.2,6,5,-1,-0.3,2.5,3,0.1,0.3,0.25,1.2,1.2,1,0.6,2.5,0.2,0.5,1.3,2,15,122.392299175262,8.15948661168416,0.332517728523966,31,2.06666666666667,1,-417.06130517183
0.35,0.05,0.02,0.12,3.5,1.8,0.8,1,2,-2.5,-0.5,2.5,6,0.08,0.1,0.5,1.2,1,2,0.45,2.5,0.35,0.7,0.6,1.2,7,73.0461630821228,10.435166154589,1.25239065538574,50,7.14285714285714,0,-927.349868663401
0.3,0.05,0.015,0.08,2.5,2.1,0.3,2,4,-0.5,-0.7,1.5,6,0.06,0.05,0.5,0.8,2,1,0.35,2.5,0.25,0.7,1,1.2,15,114.81618475914,7.654412317276,0.329511040946796,48,3.2,1,-755.783585997924
0.4,0.05,0.02,0.16,2,1.5,0.6,3,1,-1,-0.5,2.5,4,0.06,0.2,0.4,1.2,0.8,6,0.6,2.5,0.25,0.4,0.6,1.5,9,77.0509965419769,8.56122183799744,0.488825816561374,50,5.55555555555556,0,-888.8471836778
0.15,0.05,0.02,0.12,2.5,2.4,0.5,6,3,-1.5,-0.7,1.5,2,0.06,0.1,0.25,2,0.8,2,0.45,2.5,0.1,0.4,0.6,1.2,10,135.016713619232,13.5016713619232,0.0821254099726619,11,1.1,0,-104.164805454671
0.2,0.07,0.015,0.16,2.5,1.8,0.7,6,1,-2.5,-0.1,1.5,7,0.08,0.3,1,1.2,1.2,6,0.25,2,0.5,0.7,0.6,1.5,14,135.049913167954,9.64642236913953,0.204387331726934,3,0.214285714285714,0,124.862007418517
0.2,0.03,0.01,0.14,2.5,2.1,0.2,2,5,-0.5,-0.9,2.5,7,0.04,0.2,0.7,1.5,1.5,1,0.35,2,0.2,0.3,0.6,1.5,15,134.266753673553,8.95111691157023,0.254518194765529,5,0.333333333333333,1,101.349616747247
0.3,0.05,0.005,0.22,3.5,1.8,0.2,5,4,-0.5,-0.9,2,3,0.06,0.3,0.5,0.8,1.5,6,0.6,3,0.25,0.7,1.3,1.2,0,37.9523680210114,999,999,50,50,0,-8492.5
0.2,0.07,0.005,0.12,2.5,1.2,0.5,6,5,-1,-0.7,1.5,1,0.08,0.1,0.25,1.2,0.8,2,0.25,2,0.1,0.4,1.3,1.5,13,135.012414693832,10.385570361064,0.539613855706148,12,0.923076923076923,0,-73.6619951811908
0.4,0.03,0.02,0.08,2,2.1,0.3,4,2,-0.5,-0.5,1.5,5,0.12,0.2,0.4,2,1.2,1,0.6,1.5,0.35,0.5,0.6,1,11,86.7373490333557,7.88521354848688,0.693350010373605,50,4.54545454545455,0,-858.179783923085
0.45,0.05,0.015,0.16,2.5,2.1,0.2,2,3,-1.5,-0.1,1.5,4,0.12,0.3,0.4,2,2,6,0.45,3,0.2,0.7,0.8,1,9,80.8771286010742,8.98634762234158,0.0806003417003123,50,5.55555555555556,0,-887.868870764356
0.15,0.07,0.005,0.18,3.5,1.8,0.6,6,5,-0.5,-0.5,1,5,0.04,0.2,1,1.5,1.2,6,0.6,2.5,0.2,0.4,1.3,1,1,45.2282090187073,45.2282090187073,999,50,50,0,-6093.07052254677
0.35,0.03,0.02,0.1,3.5,2.1,0.4,6,1,-0.5,-0.1,1.5,5,0.12,0.15,0.7,1.2,0.8,2,0.6,2.5,0.35,0.3,1,1.5,9,106.903177261353,11.8781308068169,0.989972850872221,50,5.55555555555556,0,-899.645191271403
0.4,0.05,0.005,0.2,3.5,1.8,0.3,5,5,-1.5,-0.1,2,5,0.06,0.15,0.4,0.8,2,8,0.25,2.5,0.25,0.3,0.8,1.2,0,42.7287590503693,999,999,50,50,0,-8492.5
0.3,0.03,0.005,0.22,3.5,1.8,0.8,2,4,-1,-0.3,2,1,0.04,0.15,0.7,1.5,2,6,0.25,1.5,0.5,0.3,1.3,2,0,51.0871524810791,999,999,50,50,0,-8492.5
0.4,0.07,0.01,0.16,1.5,2.4,0.2,2,3,-1.5,-0.5,2,5,0.1,0.1,0.4,0.8,1.2,4,0.45,3,0.2,0.7,1,1,8,84.2490038871765,10.5311254858971,1.0488884731746,50,6.25,0,-911.572256080616
0.15,0.03,0.015,0.22,2,1.5,0.6,4,5,-2,-0.5,1,4,0.12,0.05,0.25,1.5,1.2,1,0.45,2.5,0.5,0.5,0.8,1.2,14,135.027490377426,9.64482074124473,0.139148542385733,0,0,0,185.19220543496
0.35,0.05,0.02,0.1,3,1.8,0.3,6,3,-1.5,-0.7,1,6,0.04,0.2,1,0.8,2,6,0.45,1.5,0.1,0.4,0.8,2,15,102.192673683167,6.8128449122111,0.243621953502028,38,2.53333333333333,1,-553.250222048038
0.45,0.03,0.03,0.16,2,1.8,0.8,1,5,-1,-0.5,2.5,5,0.04,0.1,0.4,0.8,0.8,2,0.25,1.5,0.35,0.4,1.3,1.5,11,92.0430114269257,8.36754649335688,0.518183863718034,50,4.54545454545455,0,-858.509785551983
0.2,0.07,0.03,0.16,3,1.8,0.2,5,1,-2,-0.7,2,4,0.04,0.2,1,1.5,1.5,2,0.45,1.5,0.2,0.7,0.6,1,10,115.077083587646,11.5077083587647,0.64505362129057,50,5,0,-881.994539003365
0.2,0.07,0.02,0.16,3,1.8,0.8,4,2,-2,-0.1,1,7,0.12,0.05,0.25,1.5,0.8,1,0.45,2.5,0.2,0.5,0.8,1,13,135.049629926682,10.3884330712832,0.79894653262758,29,2.23076923076923,0,-414.965815341346
0.25,0.05,0.01,0.18,1.5,1.5,0.2,2,5,-2.5,-0.9,0.5,5,0.06,0.3,0.5,0.8,2,4,0.25,3,0.2,0.4,0.8,1,5,74.2777032852173,14.8555406570435,1.08512157242469,50,10,0,-967.564459504732
0.4,0.05,0.01,0.2,2.5,1.2,0.3,1,3,-0.5,-0.9,1.5,4,0.06,0.1,1,1.5,0.8,6,0.25,3,0.25,0.5,0.6,1.5,7,79.6840665340424,11.3834380762918,0.773695432467003,50,7.14285714285714,0,-927.327072353064
0.35,0.05,0.02,0.2,3.5,1.2,0.7,1,1,-1.5,-0.1,1,5,0.08,0.2,0.4,1.2,1.5,1,0.45,2,0.1,0.4,0.8,1.2,0,45.0604660511017,999,999,50,50,0,-8492.5
0.3,0.03,0.015,0.18,1.5,1.8,0.4,2,3,-2.5,-0.3,1.5,2,0.06,0.15,1,1.5,0.8,8,0.45,2.5,0.5,0.3,0.8,1,6,69.8903334140778,11.6483889023463,0.754641047817702,50,8.33333333333333,0,-942.894177494954
0.2,0.03,0.02,0.12,3.5,2.4,0.3,5,2,-2,-0.5,0.5,7,0.12,0.3,0.4,1.2,1,4,0.45,3,0.35,0.3,1.3,2,0,57.834953546524,999,999,50,50,0,-8492.5
0.2,0.05,0.03,0.18,3,1.2,0.7,6,4,-1,-0.5,1.5,4,0.1,0.2,1,2,1,6,0.35,3,0.35,0.5,0.6,1.5,0,45.1255288124085,999,999,50,50,0,-8492.5
0.4,0.05,0.015,0.08,2.5,1.2,0.2,4,2,-0.5,-0.1,2.5,7,0.04,0.2,0.7,2,0.8,2,0.45,2,0.1,0.4,1,1,8,78.3170111179352,9.7896263897419,0.810998304447344,50,6.25,0,-908.529057496592
